source_file,period_month,period_year,consumption_value,consumption_unit,crude_steel_production,finished_steel_production,finished_steel_export,finished_steel_import,lag_1,lag_2,consumption_value_source,lag_3,rolling_mean_3,rolling_std_3,rolling_mean_6,rolling_std_6,rolling_mean_9,rolling_std_9,rolling_mean_12,rolling_std_12,month_number,diff,log_value
April%202019_0.pdf|August%202018.pdf|December%202018_5.pdf|May%202019_0.pdf|Monthly%20Summary%20July%202018.pdf|monthlySummary_May2018.pdf,April,2018,7.047,Million Tonnes,8.653,10.429,0.558,0.598,8.696,7.815,actual,7.896,8.135666666666667,0.4869500316596471,7.746666666666666,0.613842868058811,7.655834584367873,0.5042583796515573,7.613671545972912,0.4421339827702311,4,,1.9526019943448851
April%202019_0.pdf|August%202018.pdf|December%202018_5.pdf|June%202019.pdf|May%202019_0.pdf|Monthly%20Summary%20July%202018.pdf|Monthly%20Summary%20June%202018.pdf|monthlySummary_May2018.pdf,May,2018,8.33,MT,8.779,9.4,0.43,0.62,7.047,8.696,actual,7.815,7.852666666666667,0.825145037755989,7.642500000000001,0.6786559511269317,7.609264144017304,0.5419162850240796,7.587218188109399,0.4671879229108929,5,1.2830000000000004,2.1198634561787517
April%202019_0.pdf|December%202018_5.pdf|Final%20monthly%20summary%20for%20June%2C%2022.pdf|July%202019.pdf|June%202019.pdf|Monthly%20Summary%20July%202018.pdf|Monthly%20Summary%20June%202018.pdf,June,2018,8.1,MT,8.98,8.87,0.36,0.68,8.33,7.047,actual,8.696,8.024333333333333,0.8659528470611619,7.900833333333334,0.5711747251644341,7.700775523545436,0.5897982421479203,7.6422181881094,0.5142940527953502,6,-0.2300000000000004,2.091864061678393
April%202019_0.pdf|August%202018.pdf|December%202018_5.pdf|January%202019.pdf|July%202019.pdf|Monthly%20summary%20for%20July%202022.pdf|Monthly%20Summary%20July%202018.pdf,July,2018,7.56,MT,9.06,10.18,0.52,0.76,8.1,8.33,actual,7.047,7.825666666666666,0.6840806482669518,7.980666666666667,0.5575523891677506,7.773,0.5950241591733891,7.69829260494257,0.525274073971913,7,-0.54,2.0228711901914416
April%202019_0.pdf|August%202018.pdf|December%202018_5.pdf|January%202019.pdf|September%2018_0.pdf,August,2018,8.34,MT,8.839,10.76,0.7,0.67,7.56,8.1,actual,8.33,7.996666666666666,0.395263625107766,7.924666666666666,0.5840033104929002,7.760555555555555,0.5985612147289336,7.706114774679645,0.5221924370304682,8,0.7800000000000002,2.1210632163706555
April%202019_0.pdf|December%202018_5.pdf|January%202019.pdf|Monthly%20Summary%20October%202018.pdf|September%2018_0.pdf|September%202019.pdf,September,2018,8.22,million tonnes,8.52,10.5,0.57,0.67,8.34,7.56,actual,8.1,8.0,0.3994996871087623,8.012166666666667,0.6032970799421019,7.933888888888889,0.4962447592782313,7.775581642659077,0.5480170972758067,9,-0.1199999999999992,2.1065702090680887
April%202019_0.pdf|December%202018_5.pdf|January%202019.pdf|June%202019.pdf|Monthly%20Summary%20November%202018.pdf|Monthly%20Summary%20October%202018.pdf|November%202019.pdf,October,2018,8.315,million tonnes,9.408,11.029,0.6,0.71,8.22,8.34,actual,7.56,8.040000000000001,0.4199999999999986,7.932833333333334,0.5210836465162452,8.000444444444446,0.4891528674941775,7.839749999999999,0.5514963323046255,10,0.0949999999999988,2.1180611126448907
April%202019_0.pdf|December%202018_5.pdf|December%202019.pdf|January%202019.pdf|June%202019.pdf|monthly%20summary%20for%20the%20month%20of%20November%202021.pdf|Monthly%20Summary%20November%202018.pdf|November%202019.pdf,November,2018,7.505,million tonnes,9.19,10.877,586.0,686.0,8.315,8.22,actual,8.34,8.291666666666666,0.0633113997107135,8.144166666666665,0.3003400850147489,8.047,0.4978320499927646,7.893333333333333,0.564792694604655,11,-0.8099999999999996,2.015569465085425
approved%20monthly%20summary%20Dec%2021.pdf|April%202019_0.pdf|December%202018_5.pdf|December%202019.pdf|January%202019.pdf|January%202020.pdf|June%202019.pdf,December,2018,8.339,million tonnes,9.36,11.422,0.367,0.548,7.505,8.315,actual,8.22,8.013333333333334,0.4427847483070447,8.006666666666666,0.3772488126776105,8.012555555555556,0.5258274695922384,7.95375,0.4647959718570552,12,0.8340000000000005,2.1209433051048485
April%202019_0.pdf|February%202019.pdf|February%202020.pdf|Final%20Monthly%20Summary%20for%20January%202022_0.pdf|January%202019.pdf|January%202020.pdf|July%202019.pdf|June%202019.pdf,January,2019,8.411,million tonnes,9.59,11.585,0.475,0.638,8.339,7.505,actual,8.315,8.052999999999999,0.4747336095116913,8.0465,0.4009482510249922,7.972888888888889,0.4792265759649707,8.013583333333335,0.4642807650418847,1,0.0719999999999991,2.1295403729803004
April%202019_0.pdf|February%202019.pdf|February%202020.pdf|July%202019.pdf|June%202019.pdf|March%202019.pdf|March%202020_0.pdf|monthly%20summary%20for%20Feb%2C%2022_0.pdf,February,2019,8.486,million tonnes,8.914,11.188,0.619,0.582,8.411,8.339,actual,7.505,8.085,0.5035831609575508,8.188333333333334,0.340374891357553,8.124444444444444,0.3473496477294548,8.056500000000002,0.476076292587265,2,0.075000000000001,2.1384177467801333
April%202019_0.pdf|April%202020.pdf|July%202019.pdf|June%202019.pdf|March%202019.pdf|March%202020_0.pdf|Monthly%20Summary%20for%20the%20Month%20of%20March%202022.pdf,March,2019,9.465,million tonnes,9.213,12.272,0.592,0.705,8.486,8.411,actual,8.339,8.412,0.0735051018637075,8.212666666666667,0.358141126745681,8.141777777777778,0.3624533686482209,8.112416666666666,0.4844643637017776,3,0.9789999999999992,2.247600784661286
April%202019_0.pdf|April%202020.pdf|December%202019.pdf|final%20summary%20for%20April%202022.pdf|January%202020.pdf|July%202019.pdf|June%202019.pdf|May%202019_0.pdf|May%202020.pdf|Monthly%20Summary%20for%20April-2023.pdf|November%202019.pdf,April,2019,7.5,Million Tonnes,8.662,10.721,0.398,0.586,9.465,8.486,actual,8.411,8.787333333333335,0.5880734081161316,8.420166666666667,0.6247035830429214,8.293444444444445,0.5693336260733036,8.176499999999999,0.6046332472138477,4,-1.965,2.0149030205422647
April%202020.pdf|December%202019.pdf|January%202020.pdf|July%202019.pdf|June%202019.pdf|May%202019_0.pdf|May%202020.pdf|November%202019.pdf,May,2019,8.78,million tonnes,9.235,10.848,0.318,0.535,7.5,9.465,actual,8.486,8.483666666666666,0.9825020780300298,8.284333333333334,0.7316030800008057,8.286777777777779,0.579260256227236,8.21425,0.538193632778793,5,1.2799999999999994,2.172476407647025
April%202020.pdf|December%202019.pdf|Final%20monthly%20summary%20for%20June%2C%2022.pdf|January%202020.pdf|July%202019.pdf|June%202019.pdf|November%202019.pdf,June,2019,8.772,million tonnes,9.3,11.572,0.299,0.604,8.78,7.5,actual,9.465,8.581666666666667,0.9974007887170158,8.496833333333333,0.6393125735246128,8.335666666666668,0.6024184592125297,8.25175,0.5621368524737448,6,-0.0079999999999991,2.1715648305556416
April%202020.pdf|December%202019.pdf|January%202020.pdf|July%202019.pdf|Monthly%20summary%20for%20July%202022.pdf|November%202019.pdf,July,2019,8.368,million tonnes,9.239,8.015,0.461,0.772,8.772,8.78,actual,7.5,8.350666666666667,0.7367098026586372,8.568999999999999,0.6423643825742492,8.396999999999998,0.6170915653288401,8.30775,0.5788685083851061,7,-0.4039999999999999,2.124414907322567
April%202020.pdf|December%202019.pdf|January%202020.pdf|November%202019.pdf|September%202019.pdf,August,2019,8.81,Thousand tonne,8.88,8.377,0.983,0.856,8.368,8.772,actual,8.78,8.64,0.2355928691620165,8.561833333333334,0.6447152601471933,8.402888888888889,0.616463795458508,8.375083333333334,0.5288126422524879,8,0.4420000000000001,2.175887439948088
April%202020.pdf|December%202019.pdf|January%202020.pdf|November%202019.pdf|October%202019.pdf|September%202019.pdf,September,2019,8.346,million tonnes,8.417,8.158,1.019,0.565,8.81,8.368,actual,8.772,8.65,0.2449571391080303,8.615833333333333,0.6506348950576374,8.547888888888888,0.5256580267732134,8.414250000000001,0.5431879174248637,9,-0.4640000000000004,2.1217823821693607
April%202020.pdf|December%202019.pdf|January%202020.pdf|November%202019.pdf|October%202019.pdf,October,2019,8.394,million tonnes,8.967,8.186,0.95,0.63,8.346,8.81,actual,8.368,8.508000000000001,0.2617708921939058,8.429333333333334,0.5019285473716992,8.548666666666668,0.5253153814614581,8.424750000000001,0.5403017885656771,10,0.048,2.1275171649113997
April%202020.pdf|December%202019.pdf|January%202020.pdf|monthly%20summary%20for%20the%20month%20of%20November%202021.pdf|November%202019.pdf,November,2019,7.411,million tonnes,8.923,7.801,0.867,0.429,8.394,8.346,actual,8.81,8.516666666666667,0.2551653058966415,8.578333333333333,0.229801363500444,8.546777777777779,0.5259025046949688,8.431333333333333,0.5393233695749646,11,-0.9830000000000004,2.0029653829692218
approved%20monthly%20summary%20Dec%2021.pdf|April%202020.pdf|December%202019.pdf|January%202020.pdf,December,2019,8.33,million tonnes,9.014,8.256,0.767,0.437,7.411,8.394,actual,8.346,8.050333333333334,0.5541988211222884,8.350166666666667,0.5047139453855671,8.427333333333333,0.6490841624935847,8.423499999999999,0.5544708370066961,12,0.9190000000000004,2.1198634561787517
April%202020.pdf|February%202020.pdf|Final%20Monthly%20Summary%20for%20January%202022_0.pdf|January%202020.pdf,January,2020,8.788,million tonnes,9.328,8.576,0.693,0.477,8.33,7.411,actual,8.394,8.045,0.5499918181209615,8.2765,0.4612122071237914,8.301222222222222,0.5196233678775847,8.422749999999999,0.5546015973815609,1,0.4580000000000002,2.173387154522364
April%202020.pdf|February%202020.pdf|March%202020_0.pdf|monthly%20summary%20for%20Feb%2C%2022_0.pdf,February,2020,8.185,million tonnes,9.294,8.565,0.57,0.401,8.788,8.33,actual,7.411,8.176333333333334,0.7012434194581307,8.3465,0.5074334439116116,8.444333333333333,0.4431049537073562,8.454166666666666,0.5644657704950787,2,-0.6029999999999998,2.102303210823098
April%202020.pdf|March%202020_0.pdf|Monthly%20Summary%20for%20the%20Month%20of%20March%202022.pdf,March,2020,7.325,million tonnes,7.386,6.745,0.453,0.293,8.185,8.788,actual,8.33,8.434333333333335,0.314748047386043,8.242333333333333,0.454662365571053,8.378222222222222,0.4309845640442858,8.429083333333333,0.5695871644259419,3,-0.8600000000000003,1.991293154903131
April%202020.pdf|final%20summary%20for%20April%202022.pdf|June%202020_0.pdf|May%202020.pdf|monthly%20summary%20dec%2C%2020_0.pdf|Monthly%20Summary%20for%20April-2023.pdf|Summary%20for%20Aug%2020_0.pdf,April,2020,0.699,Million Tonnes,2.752,1.346,0.429,0.407,7.325,8.185,actual,8.788,8.099333333333334,0.7352525643160525,8.072166666666666,0.5814813553904089,8.217444444444446,0.5253037481093941,8.25075,0.5504517359736117,4,-6.626,-0.3581045367483269
June%202020_0.pdf|May%202020.pdf|Summary%20for%20Aug%2020_0.pdf,May,2020,3.036,million tonnes,5.32,3.622,1.284,0.539,0.699,7.325,actual,8.185,5.403,4.0964145298053065,6.789666666666668,3.0358450333748386,7.365333333333333,2.5538464127664384,7.684,2.2551719144305538,5,2.337,1.1105408595333834
Final%20monthly%20summary%20for%20June%2C%2022.pdf|June%202020_0.pdf|Summary%20for%20Aug%2020_0.pdf,June,2020,5.1,million tonnes,6.8,5.9,1.55,0.26,3.036,0.699,actual,7.325,3.686666666666667,3.360579463921868,6.0605,3.364390866115293,6.723777777777777,2.8532607564757297,7.205333333333333,2.58662698345068,6,2.064,1.62924053973028
Monthly%20summary%20for%20July%202022.pdf|Monthly%20summary%20for%20upload%20to%20website.pdf|Summary%20for%20Aug%2020_0.pdf,July,2020,6.1,MT,7.5,6.8,1.38,0.29,5.1,3.036,actual,0.699,2.9450000000000003,2.201910761134533,5.522166666666667,3.182098139069045,6.363111111111111,2.827611644323018,6.899333333333334,2.601597108537664,7,1.0,1.8082887711792652
Summary%20for%20Aug%2020_0.pdf,August,2020,7.5,million tonnes,8.5,7.9,0.97,0.3299999999999999,6.1,5.1,actual,3.036,4.745333333333334,1.5624869066118192,5.074166666666667,2.796166763028751,6.1082222222222216,2.7231209933538496,6.710333333333334,2.567359497203072,8,1.4000000000000004,2.0149030205422647
Monthly%20Summary%20for%20the%20month%20of%20October%202020.pdf,October,2020,8.4,million tonnes,9.1,8.4,0.56,0.37,7.5,6.1,actual,5.1,6.233333333333333,1.2055427546683506,4.96,2.6541259201477265,6.118111111111111,2.728599432146669,6.601166666666667,2.4968461500400294,10,0.9000000000000004,2.128231705849268
monthly%20summary%20for%20the%20month%20of%20November%202021.pdf|monthly%20summary%20nov%2C%2020%20-pdf_compressed_0.pdf,November,2020,8.4,MT,9.2,8.4,0.6,0.35,8.4,7.5,actual,6.1,7.333333333333333,1.159022576714251,5.139166666666667,2.8729668579130325,6.125888888888889,2.735782769357085,6.605666666666667,2.500322936718137,11,0.0,2.128231705849268
approved%20monthly%20summary%20Dec%2021.pdf,December,2020,10.26,MILLION TONNE,10.29,9.91,0.56,0.4649999999999999,8.4,8.4,actual,7.5,8.100000000000001,0.5196152422706615,6.422666666666667,2.112032828027699,6.082777777777778,2.691284023369599,6.606166666666667,2.500713637538236,12,1.8599999999999997,2.3282528397426234
Final%20Monthly%20Summary%20for%20January%202022_0.pdf|monthly%20summary%20Jan%2C%2021-pdf_0.pdf,January,2021,8.9,MT,10.0,9.0,0.52,0.58,10.26,8.4,actual,8.4,9.02,1.0738715006926969,7.626666666666666,1.8363732372986368,6.3133333333333335,2.9684912413547746,6.843583333333334,2.710511473314532,1,-1.3599999999999994,2.186051276738094
monthly%20summary%20for%20Feb%2C%2022_0.pdf,February,2021,9.6,million tonnes,9.35,9.05,0.68,0.52,8.9,10.26,actual,8.4,9.186666666666667,0.9625660150521184,8.26,1.3922643427165713,6.488333333333333,3.079920291176382,6.891083333333334,2.743719057256324,2,0.6999999999999993,2.26176309847379
final%20Monthly%20summary%20Mar%2721_2.pdf|Monthly%20Summary%20for%20the%20Month%20of%20March%202022.pdf,March,2021,9.71,million tonnes,10.48,10.11,0.8400000000000001,0.46,9.6,8.9,actual,10.26,9.586666666666668,0.680098032149271,8.843333333333334,0.9777866161216722,7.477333333333332,2.325141716111085,6.958749999999999,2.80410297194535,3,0.1100000000000012,2.2731562823032334
final%20summary%20for%20April%202022.pdf|Monthly%20Summary%20for%20April-2023.pdf|Monthly%20Summary%20for%20the%20month%20of%20April%202021.pdf,April,2021,6.7,MT,8.0,7.1,1.0,0.4,9.71,9.6,actual,8.9,9.403333333333334,0.4393555887129612,9.211666666666668,0.7632671004744466,8.21888888888889,1.7161180353085002,7.085833333333333,2.897723458583352,4,-3.0100000000000007,1.9021075263969205
Monthly%20Summary%20for%20the%20month%20of%20May%202021.pdf,May,2021,7.3,million tonnes,8.5,7.8,1.24,0.4,6.7,9.71,actual,9.6,8.67,1.7069563556224825,8.928333333333333,1.271289371727251,8.396666666666668,1.4078174597581865,7.03375,2.8986505990640823,5,0.5999999999999996,1.9878743481543453
Final%20monthly%20summary%20for%20June%2C%2022.pdf|Monthly%20Summary%20for%20the%20month%20of%20June%202021_0.pdf,June,2021,8.15,million tonnes,9.29,8.7,1.37,0.4,7.3,6.7,actual,9.71,7.903333333333335,1.5931206273642085,8.745,1.431890358931159,8.53,1.2053837563199497,7.583833333333334,2.104857146235966,6,0.8500000000000005,2.0980179272527715
Monthly%20summary%20for%20July%202022.pdf|summary%20for%20the%20month%20of%20july%202021_0.pdf,July,2021,8.3,million tonnes,9.8,9.1,1.5,0.4,8.15,7.3,actual,6.7,7.383333333333334,0.7285830998131461,8.393333333333333,1.230311613643743,8.602222222222224,1.1543480603546037,8.01,1.5431078439894677,7,0.1500000000000003,2.1162555148025524
monthly%20summary%20august%2021.pdf,August,2021,7.1,million tonnes,9.6,8.7,1.28,0.4,8.3,8.15,actual,7.3,7.916666666666668,0.539289656245442,8.293333333333333,1.2050172889492794,8.591111111111111,1.157016037534097,8.276666666666666,1.2415410756089564,8,-1.200000000000001,1.9600947840472696
final%20monthly%20summary%20for%20the%20month%20of%20september%202021.pdf,September,2021,8.504081887168462,,9.65,8.85,1.17,0.39,7.1,8.3,predicted,8.15,7.850000000000001,0.6538348415310966,7.876666666666668,1.0895258907739058,8.446666666666665,1.2603868453772409,8.360000000000001,1.1086027241532472,9,1.4040818871684628,2.1405462702463978
monthly%20summary%20for%20the%20month%20of%20October%202021.pdf,October,2021,8.3,million tonnes,9.7,9.0,1.06,0.38,8.504081887168462,7.1,actual,8.3,7.968027295722822,0.7586276384086321,7.675680314528077,0.7383087428256159,8.25156465412983,1.065430404349818,8.443673490597371,1.075180515662583,10,-0.2040818871684617,2.1162555148025524
monthly%20summary%20for%20the%20month%20of%20November%202021.pdf,November,2021,8.47,million tonnes,9.63,9.19,0.722,0.312,8.3,8.504081887168462,actual,7.1,7.968027295722822,0.7586276384086321,7.942346981194743,0.5893479999978267,8.184897987463163,1.0382083820854515,8.435340157264038,1.0759370511601496,11,0.1699999999999999,2.136530508663963
approved%20monthly%20summary%20Dec%2021.pdf,December,2021,8.73,MILLION TONNE,9.89,9.39,0.798,0.395,8.47,8.3,actual,8.504081887168462,8.424693962389489,0.1093244343709227,8.137346981194744,0.5242734762528978,8.059342431907607,0.9055319452502016,8.441173490597373,1.0759177884823763,12,0.2599999999999998,2.166765369851511
Final%20Monthly%20Summary%20for%20January%202022_0.pdf,January,2022,9.65,MT,10.33,9.81,0.814,0.45,8.73,8.47,actual,8.3,8.500000000000002,0.2165640782770479,8.234013647861412,0.5778103883903294,7.950453543018718,0.7226950330513483,8.313673490597372,0.9201682575648308,1,0.92,2.2669579153508947
monthly%20summary%20for%20Feb%2C%2022_0.pdf,February,2022,9.2,million tonnes,10.11,9.71,1.157,0.411,9.65,8.73,actual,8.47,8.950000000000001,0.6199999999999867,8.459013647861411,0.8205165903786591,8.278231320796497,0.7530093407556292,8.376173490597372,0.9866804128736092,2,-0.450000000000001,2.2192034840549946
Monthly%20Summary%20for%20the%20Month%20of%20March%202022.pdf,March,2022,9.85,million tonnes,11.05,10.74,1.195,0.351,9.2,9.65,actual,8.73,9.193333333333335,0.4600362304572489,8.809013647861411,0.5164068269136582,8.489342431907607,0.7095592300844247,8.342840157264039,0.9475579170486512,3,0.6500000000000004,2.2874714551839976
final%20summary%20for%20April%202022.pdf|Monthly%20Economic%20Report%20April%2C%202025.pdf|Monthly%20Summary%20for%20April-2023.pdf,April,2022,9.05,MT,9.85,9.35,0.743,0.327,9.85,9.2,actual,9.65,9.566666666666666,0.332916405923937,9.033333333333331,0.6359454903265421,8.678231320796497,0.8248423355698826,8.354506823930706,0.9665918331206108,4,-0.7999999999999989,2.2027647577118348
Monthly%20Summary%20for%20May%202022.pdf,May,2022,9.45,MT,10.6,9.73,0.749,0.379,9.05,9.85,actual,9.2,9.366666666666667,0.4252450274057459,9.158333333333331,0.5274245601663482,8.76156465412983,0.8197234325667625,8.550340157264039,0.8292059226974822,5,0.3999999999999986,2.2460147415056517
Final%20monthly%20summary%20for%20June%2C%2022.pdf,June,2022,9.26,MT,10.46,9.71,0.638,0.45,9.45,9.05,actual,9.85,9.45,0.3999999999999739,9.321666666666667,0.41038599716202,9.02267576524094,0.5562269165627196,8.729506823930706,0.7642129685936363,6,-0.1899999999999995,2.225704048658088
Monthly%20summary%20for%20July%202022.pdf,July,2022,9.17,million tonnes,9.97,9.66,0.38,0.444,9.26,9.45,actual,9.05,9.253333333333332,0.2000833159794074,9.41,0.2996664812754319,9.106666666666666,0.52428522771483,8.822006823930705,0.7548121937341582,7,-0.0899999999999998,2.2159372862683733
Monthly%20Summary%20for%20the%20month%20of%20August%202022.pdf,August,2022,9.31,MT,10.26,9.74,0.454,0.442,9.17,9.26,actual,9.45,9.293333333333337,0.142945210949213,9.33,0.2865658737533114,9.203333333333331,0.4283981792678287,8.894506823930707,0.7417846448242885,8,0.1400000000000005,2.231089091288976
Monthly%20summary%20for%20September%202022_0.pdf,September,2022,9.31,MT,10.22,9.51,0.577,0.499,9.31,9.17,actual,9.26,9.246666666666668,0.0709459888458514,9.348333333333334,0.2800297603231939,9.296666666666669,0.3285194058194891,9.078673490597373,0.4859910733524534,9,0.0,2.231089091288976
Monthly%20summary%20for%20October%202022.pdf,October,2022,10.07,million tonnes,10.24,9.85,3.6,5.93,9.31,9.31,actual,9.17,9.263333333333334,0.0808290376864373,9.258333333333333,0.1365894090574572,9.36111111111111,0.2512690014926251,9.145833333333334,0.4540015685462015,10,0.7599999999999998,2.309560706730471
Monthly%20summary%20for%20November%202022.pdf,November,2022,9.66,million tonnes,10.34,9.55,3.38,6.0,10.07,9.31,actual,9.31,9.563333333333334,0.4387862045840912,9.428333333333333,0.3271951507383106,9.407777777777776,0.3362580027961176,9.293333333333331,0.4415743185329774,11,-0.4100000000000001,2.2679936482244267
Monthly%20summary%20for%20December%202022.pdf,December,2022,10.19,million tonnes,10.5,9.78,4.42,6.53,9.66,10.07,actual,9.31,9.68,0.3803945320321747,9.463333333333331,0.340920323047286,9.45888888888889,0.335687520040737,9.3925,0.3672285639513912,12,0.5299999999999994,2.321406847234633
Monthly%20summary%20for%20January%202023.pdf,January,2023,10.5,million tonnes,10.68,10.04,0.588,0.596,10.19,9.66,actual,10.07,9.973333333333334,0.2779088579612141,9.618333333333334,0.4298100355583452,9.496666666666666,0.3984658078179214,9.514166666666666,0.3696302411214425,1,0.3100000000000005,2.3513752571634776
Monthly%20summary%20for%20February%202023.pdf,February,2023,10.1,million tonnes,9.9,9.87,0.575,0.593,10.5,10.19,actual,9.66,10.116666666666667,0.4247744499535063,9.84,0.4909582466972115,9.657777777777778,0.4800723325129579,9.585,0.4667196939569317,2,-0.4000000000000003,2.312535423847214
Monthly%20summary%20for%20March%202023.pdf,March,2023,10.99,MT,11.34,10.81,0.812,0.429,10.1,10.5,actual,10.19,10.263333333333334,0.2098412098070854,9.971666666666668,0.4213984654298914,9.73,0.4936091571273643,9.66,0.471515930512693,3,0.8900000000000006,2.39698576841553
Monthly%20Economic%20Report%20April%2C%202025.pdf|Monthly%20Economic%20Report%20for%20the%20month%20of%20April%2C%202026.pdf|Monthly%20Summary%20for%20April-2023.pdf,April,2023,9.88,million tonnes,10.51,9.98,0.855,0.46,10.99,10.1,actual,10.5,10.53,0.445757781760413,10.251666666666669,0.4509286713734989,9.922222222222224,0.6106713063870208,9.755,0.6082837256651433,4,-1.1099999999999994,2.2905125117597764
Monthly%20Summary%20for%20June%202023.pdf|Monthly%20Summary%20for%20May%202023.pdf,May,2023,10.36,MT,11.25,10.88,0.693,0.457,9.88,10.99,actual,10.1,10.323333333333334,0.587735768294988,10.22,0.4723981371682176,10.001111111111111,0.5435173512511785,9.824166666666668,0.5665920182560733,5,0.4799999999999986,2.337952236831337
Monthly%20Summary%20for%20June%202023.pdf|Monthly%20Summary%20for%20the%20month%20of%20June-2024.pdf,June,2023,10.648051646566596,MT,11.28,10.705,0.502,0.484,10.36,9.88,predicted,10.99,10.410000000000002,0.55668662638864,10.336666666666666,0.3847423380220445,10.117777777777778,0.4863069446804454,9.9,0.5728239456650244,6,0.288051646566597,2.365376931434785
Monthly%20Summary%20for%20July%202023.pdf|Monthly%20Summary%20for%20the%20month%20of%20July-2024.pdf,July,2023,10.26,million tonnes,11.52,10.53,0.513,0.587,10.648051646566596,10.36,actual,9.88,10.2960172155222,0.3880028098874168,10.4130086077611,0.3951238479538078,10.266450182951845,0.40646488726917,10.015670970547216,0.5719841053737794,7,-0.3880516465665966,2.3282528397426234
Monthly%20Summary%20for%20August-2023.pdf,August,2023,11.22,million tonnes,11.44,10.94,4.8,5.3,10.26,10.648051646566596,actual,10.36,10.422683882188863,0.2014769761422579,10.3730086077611,0.396700997688296,10.287561294062955,0.3998667678160283,10.10650430388055,0.5085052011601697,8,0.9600000000000009,2.4176979000945504
Monthly%20Summary%20for%20September-2023.pdf,September,2023,11.17,MT,11.48,10.93,0.157,0.381,11.22,10.26,actual,10.648051646566596,10.709350548855534,0.4829266678972435,10.559675274427766,0.494095630375926,10.460894627396288,0.4307487983954038,10.265670970547218,0.5347725227114913,9,-0.0500000000000007,2.413231613081109
Monthly%20Summary%20for%20October-2023.pdf,October,2023,11.6,million tonnes,11.69,11.01,2.86,5.71,11.17,11.22,actual,10.26,10.883333333333333,0.5404010856144672,10.589675274427767,0.5296356032195952,10.569783516285176,0.4752751358088324,10.420670970547215,0.5010899167255015,10,0.4299999999999997,2.451005098112319
Monthly%20Summary%20for%20November-2023.pdf,November,2023,11.42,million tonnes,11.76,11.02,2.34,7.82,11.6,11.17,actual,11.22,11.33,0.2351595203260066,10.876341941094433,0.5341572334604757,10.6920057385074,0.5840722833555141,10.548170970547217,0.5904369707882129,11,-0.1799999999999997,2.435366204227864
Monthly%20Economic%20report%20January%202025_0.pdf|Monthly%20Summary%20for%20December-2023.pdf|Monthly%20Summary%20for%20the%20Month%20of%20January-2024.pdf,December,2023,12.1,million tonnes,11.97,11.58,6.4,7.3,11.42,11.6,actual,11.17,11.396666666666668,0.2159475244898413,11.0530086077611,0.5036483234368769,10.838672405174066,0.5825620468900121,10.694837637213883,0.5679211558233972,12,0.6799999999999997,2.4932054526026954
Monthly%20Economic%20report%20January%202025_0.pdf|Monthly%20Economic%20report-February%202025_0.pdf|Monthly%20Summary%20for%20the%20month%20of%20February-2024.pdf|Monthly%20Summary%20for%20the%20Month%20of%20January-2024.pdf,January,2024,12.0,million tonnes,12.2,11.7,8.5,7.7,12.1,11.42,actual,11.6,11.706666666666669,0.3523256069792396,11.295,0.6081364978358113,10.9620057385074,0.7199110681472233,10.85400430388055,0.6717338978047259,1,-0.0999999999999996,2.4849066497880004
Monthly%20Economic%20report-February%202025_0.pdf|Monthly%20Summary%20for%20March-2024.pdf|Monthly%20Summary%20for%20the%20month%20of%20February-2024.pdf,February,2024,11.33,million tonnes,12.05,11.48,10.3,7.6,12.0,12.1,actual,11.42,11.839999999999998,0.3671511950136562,11.585,0.3925175155327557,11.197561294062956,0.6664733171025902,10.97900430388055,0.7363285958923977,2,-0.6699999999999999,2.427454075039915
Monthly%20Economic%20Report%20April%2C%202025.pdf|Monthly%20Summary%20for%20April-2024.pdf|Monthly%20Summary%20for%20March-2024.pdf,March,2024,12.14,MT,12.45,12.17,0.84,0.58,11.33,12.0,actual,12.1,11.81,0.4186884283091139,11.603333333333332,0.3742013718129237,11.305339071840733,0.5878966856888261,11.08150430388055,0.686787794728699,3,0.8100000000000005,2.4965057856313524
Monthly%20Economic%20Report%20April%2C%202025.pdf|Monthly%20Economic%20Report%20for%20the%20month%20of%20April%2C%202026.pdf|Monthly%20Summary%20for%20April-2024.pdf|Monthly%20Summary%20for%20May-2024.pdf,April,2024,11.08,million tonnes,11.92,11.26,5.1,5.9,12.14,11.33,actual,12.0,11.823333333333332,0.4329357150123902,11.765,0.3587617593891643,11.47111111111111,0.5897339324738617,11.177337637213885,0.7501687078501255,4,-1.0600000000000005,2.405141681319138
Monthly%20Economic%20Report-June%202025.pdf|Monthly%20Summary%20for%20May-2024.pdf|Monthly%20Summary%20for%20the%20month%20of%20June-2024.pdf,May,2024,11.97,million tonnes,12.53,12.13,4.3,5.5,11.08,12.14,actual,11.33,11.516666666666666,0.5541058863911226,11.678333333333333,0.4561761355733931,11.562222222222225,0.4173960283045555,11.277337637213884,0.6322164231926414,5,0.8900000000000006,2.482403519569882
Monthly%20Economic%20Report-July%202025.pdf|Monthly%20Economic%20Report-June%202025.pdf|Monthly%20Summary%20for%20the%20month%20of%20June-2024.pdf,June,2024,12.01,million tonnes,12.26,12.06,3.4,5.5,11.97,11.08,actual,12.14,11.730000000000002,0.5692978130995737,11.77,0.4490879646572692,11.645555555555555,0.4153947252647167,11.41150430388055,0.589216593771873,6,0.0399999999999991,2.485739636091892
Monthly%20Economic%20Report-July%202025.pdf|Monthly%20Summary%20for%20the%20month%20of%20July-2024.pdf|Updated%20Monthly%20Economic%20Report-August%2025.pdf,July,2024,12.3,million tonnes,12.34,11.78,2.9,7.5,12.01,11.97,actual,11.08,11.686666666666667,0.525769277662066,11.755,0.4372070447739934,11.738888888888887,0.3886979690081766,11.525,0.559195851200592,7,0.2900000000000009,2.509599262378372
Monthly%20Economic%20Report-September%202025.pdf|Updated%20Monthly%20Economic%20Report-August%2025.pdf,August,2024,12.119786286926782,million tonnes,12.44,11.796444444444443,0.34,0.96,12.3,12.01,predicted,11.97,12.093333333333334,0.180092568789746,11.805,0.4853349358947997,11.816666666666666,0.4257052971246295,11.695,0.4362338822236905,8,-0.1802137130732184,2.494839347393854
Monthly%20Economic%20Report-October%202025.pdf|Monthly%20Economic%20Report-September%202025.pdf,September,2024,11.680201315626164,,11.99,11.812888888888889,0.4,1.02,12.119786286926782,12.3,predicted,12.01,12.143262095642262,0.146418356759288,11.93663104782113,0.4352596948797973,11.89442069854742,0.4077262952150799,11.769982190577233,0.4243337497253129,9,-0.4395849713006186,2.4578952131784417
Monthly%20Economic%20Report-%20November%202025%20%283%29.docx_.pdf|Monthly%20Economic%20Report-October%202025.pdf,October,2024,12.463769087709816,,12.81,11.829333333333333,0.44,1.03,11.680201315626164,12.119786286926782,predicted,12.3,12.033329200850984,0.3188161273953684,11.859997933758825,0.4327624017292166,11.84777640028366,0.4052733235526502,11.812498966879412,0.3822231980028702,10,0.7835677720836518,2.5228259626177065
Monthly%20Ecomnomic%20Report%20for%20the%20month%20of%20Dec%202025.pdf|Monthly%20Economic%20report%20January%202025_0.pdf|Monthly%20Economic%20Report-%20November%202025%20%283%29.docx_.pdf,November,2024,12.028162076472457,,12.38,11.845777777777778,0.4,0.81,12.463769087709816,11.680201315626164,predicted,12.119786286926782,12.087918896754251,0.3927547087932825,12.090626115043795,0.2732848928904101,11.899306298918084,0.4536447848867701,11.884479724188564,0.4182063986179544,11,-0.4356070112373587,2.487250739966695
Monthly%20Ecomnomic%20Report%20for%20the%20month%20of%20Dec%202025.pdf|Monthly%20Economic%20report%20January%202025_0.pdf|Monthly%20Economic%20report-February%202025_0.pdf,December,2024,13.00551757977232,,13.4,11.862222222222222,0.45,0.84,12.028162076472457,12.463769087709816,predicted,11.680201315626164,12.05737749326948,0.3926000112021879,12.10031979445587,0.2691506846996431,11.97687986297058,0.4007311997621933,11.935159897227935,0.3928848958431986,12,0.9773555032998632,2.565373696630191
Monthly%20Economic%20Report%20for%20the%20month%20of%20February%202026.pdf|Monthly%20Economic%20report%20January%202025_0.pdf|Monthly%20Economic%20report-February%202025_0.pdf,January,2025,13.309317988182428,,13.71,11.878666666666668,0.395,0.868,13.00551757977232,12.028162076472457,predicted,12.463769087709816,12.499149581318198,0.489637395889616,12.26623939108459,0.4490567771162303,12.073048482945282,0.5283152110500431,12.010619695542294,0.499827887682721,1,0.3038004084101082,2.5884643905368847
Monthly%20Economic%20Report%20April%2C%202025.pdf|Monthly%20Economic%20Report%20for%20the%20month%20of%20February%202026.pdf|Monthly%20economic%20report%20March%2025.pdf|Monthly%20Economic%20report-February%202025_0.pdf,February,2025,12.310261354397532,,12.6,11.895111111111111,4.1,6.07,13.309317988182428,13.00551757977232,predicted,12.028162076472457,12.78099921480907,0.6694374426947086,12.43445905578166,0.620539441588458,12.32075048163222,0.5271321201241459,12.119729527890833,0.624627314451698,2,-0.999056633784896,2.510433171034961
Monthly%20Economic%20Report%20April%2C%202025.pdf|Monthly%20Economic%20Report%20for%20the%20month%20of%20April%2C%202026.pdf|Monthly%20economic%20report%20March%2025.pdf,March,2025,13.561150231327836,,14.0,11.911555555555555,4.53,5.57,12.310261354397532,13.309317988182428,predicted,13.00551757977232,12.87503230745076,0.5121507044776719,12.466204900360118,0.6059216646592008,12.3585572987875,0.5107795634061241,12.201417974090626,0.5740055213805872,3,1.250888876930304,2.607209104233948
Monthly%20Economic%20Report%20April%2C%202025.pdf|Monthly%20Economic%20Report%20for%20the%20month%20of%20April%2C%202026.pdf|Monthly%20Economic%20Report%20for%20the%20month%20of%20May%2C%202026.pdf|Monthly%20Economic%20Report%20May%202025.pdf|Monthly%20Economic%20Report-June%202025.pdf,April,2025,11.867,million tonnes,12.644,11.928,0.375,0.463,13.561150231327836,12.310261354397532,actual,13.309317988182428,13.060243191302598,0.6615961278888222,12.779696386310398,0.6045076493362846,12.530907324490592,0.6269532366698086,12.31984716003461,0.6942032518165324,4,-1.6941502313278356,2.473761438683002
Monthly%20Economic%20Report%20for%20the%20month%20of%20May%2C%202026.pdf|Monthly%20Economic%20Report%20May%202025.pdf|Monthly%20Economic%20Report-July%202025.pdf|Monthly%20Economic%20Report-June%202025.pdf,May,2025,13.2157020770571,,13.7,12.0215,3.91,4.28,11.867,13.561150231327836,predicted,12.310261354397532,12.579470528575124,0.8785735234873794,12.680234871692097,0.7072477032514691,12.482796213379482,0.6624939169214822,12.385430493367949,0.5967590643658847,5,1.3487020770570997,2.581405673928976
Monthly%20Economic%20Report-July%202025.pdf|Monthly%20Economic%20Report-June%202025.pdf|Updated%20Monthly%20Economic%20Report-August%2025.pdf,June,2025,12.958046017566325,million tonnes,13.48,12.115,4.46,4.28,13.2157020770571,11.867,predicted,13.561150231327836,12.88128410279498,0.8952166149648786,12.878158205122867,0.6523006808259769,12.604564634505074,0.6876692866599097,12.489238999789372,0.6255753079967631,6,-0.2576560594907757,2.56171690930764
Monthly%20Economic%20Report-July%202025.pdf|Monthly%20Economic%20Report-September%202025.pdf|Updated%20Monthly%20Economic%20Report-August%2025.pdf,July,2025,13.524914527558137,million tonnes,13.98,12.2085,0.49,0.28,12.958046017566325,13.2157020770571,predicted,11.867,12.680249364874475,0.7159801382367968,12.870246278088535,0.6507329639352362,12.74654737916509,0.5991850744317346,12.568242834586565,0.6193838474846335,7,0.5668685099918118,2.604533505123529
Monthly%20Economic%20Report-October%202025.pdf|Monthly%20Economic%20Report-September%202025.pdf|Updated%20Monthly%20Economic%20Report-August%2025.pdf,August,2025,13.632034454044756,million tonnes,14.04,12.302,0.53,0.67,13.524914527558137,12.958046017566325,predicted,13.2157020770571,13.232887540727187,0.2838247382209622,12.906179034651156,0.6848834242487367,12.864452428037126,0.6396248390665805,12.67031904521641,0.6700225052041849,8,0.1071199264866198,2.6124224975224952
Monthly%20Economic%20Report-%20November%202025%20%283%29.docx_.pdf|Monthly%20Economic%20Report-October%202025.pdf|Monthly%20Economic%20Report-September%202025.pdf,September,2025,13.24549193454087,,13.63,12.3955,0.58,0.65,13.632034454044756,13.524914527558137,predicted,12.958046017566325,13.371664999723071,0.3621866458924987,13.126474551259028,0.6672172126755161,13.042660469989604,0.5996808668563393,12.796339725809572,0.6986654420238968,9,-0.3865425195038856,2.5836572631850063
Monthly%20Ecomnomic%20Report%20for%20the%20month%20of%20Dec%202025.pdf|Monthly%20Economic%20Report-%20November%202025%20%283%29.docx_.pdf|Monthly%20Economic%20Report-October%202025.pdf,October,2025,13.546178376133971,,13.95,12.489,0.64,0.46,13.24549193454087,13.632034454044756,predicted,13.524914527558137,13.467480305381256,0.199569028794163,13.073864835127864,0.6378886331867009,13.06932428718611,0.6031479413232171,12.92678061071913,0.6120949318166925,10,0.3006864415931005,2.6061044688836272
Monthly%20Ecomnomic%20Report%20for%20the%20month%20of%20Dec%202025.pdf|Monthly%20Economic%20Report-%20November%202025%20%283%29.docx_.pdf,November,2025,13.314438804374207,,13.71,12.5825,0.73,0.39,13.546178376133971,13.24549193454087,predicted,13.632034454044756,13.474568254906536,0.202977306472187,13.35372789781686,0.2573429188252704,13.095642108069615,0.6198647745015999,13.016981384754478,0.6173920241875992,11,-0.2317395717597641,2.5888490707527407
Monthly%20Ecomnomic%20Report%20for%20the%20month%20of%20Dec%202025.pdf|Monthly%20Economic%20Report%20for%20the%20month%20of%20February%202026.pdf|Monthly%20Economic%20Report-%20January%202026%20%286%29.pdf,December,2025,14.479308273741182,,14.88,12.676,0.62,0.46,13.314438804374207,13.546178376133971,predicted,13.24549193454087,13.368703038349684,0.1575167907117687,13.37018401903638,0.2497977467717199,13.207217380289244,0.5469079450740145,13.124171112079624,0.536465170195528,12,1.164869469366975,2.6727206146660216
Monthly%20Economic%20Report%20for%20the%20month%20of%20February%202026.pdf|Monthly%20Economic%20Report-%20January%202026%20%286%29.pdf,January,2026,14.720190168180372,,15.14,12.7695,0.68,0.25,14.479308273741182,13.314438804374207,predicted,13.546178376133971,13.779975151416451,0.6166246177903805,13.623727728398856,0.4442042269578764,13.309234940557396,0.6884897364714383,13.246987003243696,0.6610636618965003,1,0.2408818944391892,2.689220032251273
Monthly%20Economic%20Report%20for%20the%20month%20of%20April%2C%202026.pdf|Monthly%20Economic%20Report%20for%20the%20month%20of%20February%202026.pdf|Monthly%20Economic%20Report-%20March%202026%20%285%29.pdf,February,2026,13.73047027965437,,14.07,12.863,0.54,0.36,14.720190168180372,14.479308273741182,predicted,13.314438804374207,14.17131241543192,0.7517847502858819,13.822940335169228,0.6230471624604366,13.626256070355211,0.5914364291451234,13.36455968491019,0.7866857524210552,2,-0.989719888526002,2.619617471171034
Monthly%20Economic%20Report%20for%20the%20month%20of%20April%2C%202026.pdf|Monthly%20Economic%20Report%20for%20the%20month%20of%20May%2C%202026.pdf|Monthly%20Economic%20Report-%20March%202026%20%285%29.pdf,March,2026,15.128245256669224,,15.49,12.9565,0.58,0.52,13.73047027965437,14.720190168180372,predicted,14.479308273741182,14.309989573858642,0.5161278727537909,13.83934630610416,0.6182927387047518,13.683452537310464,0.5713185949272107,13.482910428681592,0.7174374863292284,3,1.3977749770148549,2.716563543326092
Monthly%20Economic%20Report%20for%20the%20month%20of%20April%2C%202026.pdf|Monthly%20Economic%20Report%20for%20the%20month%20of%20May%2C%202026.pdf,April,2026,12.99,million tonnes,14.09,13.05,0.47,0.68,15.128245256669224,13.73047027965437,actual,14.720190168180372,14.526301901501322,0.7187754980235549,14.15313852645889,0.7251529078045726,13.924585786099676,0.6753835655811432,13.613501680793377,0.8611956985192101,4,-2.138245256669224,2.5641798306825083
Monthly%20Economic%20Report%20for%20the%20month%20of%20May%2C%202026.pdf|Monthly%20Economic%20Report-%20June%202026%20%281%29.pdf,May,2026,13.828245607054768,,14.09,13.05,0.51,0.69,12.99,15.128245256669224,predicted,13.73047027965437,13.9495718454412,1.085830242954547,14.060442130436558,0.8440578860628534,13.865150838593216,0.7357873797050942,13.70708501412671,0.7001058675938447,5,0.8382456070547679,2.62671328347633
Monthly%20Economic%20Report-%20June%202026%20%281%29.pdf,June,2026,13.816792403759298,,14.09,13.05,0.62,0.7,13.828245607054768,12.99,predicted,15.128245256669224,13.982163621241332,1.0774002323813567,14.146076597549984,0.7766032792040176,13.886952077816552,0.7309074536279548,13.75813030829318,0.6831468441896893,6,-0.0114532032954706,2.625884693264497
