source_file,period_month,cumulative_months,period_year,consumption_value,consumption_unit,crude_steel_production,finished_steel_production,crude_steel_export,crude_steel_import,finished_steel_export,finished_steel_import,coal_imports,steel_imports,lag_1,lag_2,lag_3,rolling_mean_3,rolling_std_3,rolling_mean_6,rolling_std_6,rolling_mean_9,rolling_std_9,rolling_mean_12,rolling_std_12
April%202019_0.pdf|August%202018.pdf|December%202018_5.pdf|January%202019.pdf|September%2018_0.pdf,August,,2018,8.34,MT,8.839,10.76,,,0.7,0.67,,,7.56,8.1,8.33,8.0,0.3994996871087674,8.012166666666667,0.6032970799421017,7.933888888888889,0.49624475927823264,7.793916666666667,0.5397513667224825
April%202019_0.pdf|December%202018_5.pdf|January%202019.pdf|Monthly%20Summary%20October%202018.pdf|September%2018_0.pdf|September%202019.pdf,September,,2018,8.22,million tonnes,8.52,10.5,,,0.57,0.67,,,8.34,7.56,8.1,8.040000000000001,0.4200000000000042,7.932833333333334,0.5210836465162448,8.000444444444446,0.4891528674941791,7.8397499999999996,0.551496332304626
April%202019_0.pdf|December%202018_5.pdf|January%202019.pdf|June%202019.pdf|Monthly%20Summary%20November%202018.pdf|Monthly%20Summary%20October%202018.pdf|November%202019.pdf,October,,2018,8.315,million tonnes,9.408,11.029,,,0.6,0.71,,,8.22,8.34,7.56,8.291666666666666,0.06331139971078412,8.144166666666665,0.30034008501474846,8.047,0.49783204999276637,7.8933333333333335,0.5647926946046555
April%202019_0.pdf|December%202018_5.pdf|December%202019.pdf|January%202019.pdf|June%202019.pdf|monthly%20summary%20for%20the%20month%20of%20November%202021.pdf|Monthly%20Summary%20November%202018.pdf|November%202019.pdf,November,,2018,7.505,million tonnes,9.19,10.877,,,586.0,686.0,,,8.315,8.22,8.34,8.013333333333334,0.44278474830704945,8.006666666666666,0.37724881267761023,8.012555555555556,0.5258274695922399,7.95375,0.46479597185705607
approved%20monthly%20summary%20Dec%2021.pdf|April%202019_0.pdf|December%202018_5.pdf|December%202019.pdf|January%202019.pdf|January%202020.pdf|June%202019.pdf,December,,2018,8.339,million tonnes,9.36,11.422,,,0.367,0.548,,,7.505,8.315,8.22,8.052999999999999,0.4747336095116964,8.0465,0.4009482510249919,7.972888888888889,0.4792265759649722,8.013583333333335,0.46428076504188565
April%202019_0.pdf|February%202019.pdf|February%202020.pdf|Final%20Monthly%20Summary%20for%20January%202022_0.pdf|January%202019.pdf|January%202020.pdf|July%202019.pdf|June%202019.pdf,January,,2019,8.411,million tonnes,9.59,11.585,,,0.475,0.638,,,8.339,7.505,8.315,8.085,0.5035831609575562,8.188333333333334,0.3403748913575526,8.124444444444444,0.3473496477294577,8.056500000000002,0.47607629258726614
April%202019_0.pdf|February%202019.pdf|February%202020.pdf|July%202019.pdf|June%202019.pdf|March%202019.pdf|March%202020_0.pdf|monthly%20summary%20for%20Feb%2C%2022_0.pdf,February,,2019,8.486,million tonnes,8.914,11.188,,,0.619,0.582,,,8.411,8.339,7.505,8.412,0.07350510186378204,8.212666666666667,0.35814112674568066,8.141777777777778,0.36245336864822375,8.112416666666666,0.4844643637017791
April%202019_0.pdf|April%202020.pdf|July%202019.pdf|June%202019.pdf|March%202019.pdf|March%202020_0.pdf|Monthly%20Summary%20for%20the%20Month%20of%20March%202022.pdf,March,,2019,9.465,million tonnes,9.213,12.272,,,0.592,0.705,,,8.486,8.411,8.339,8.787333333333335,0.5880734081161457,8.420166666666667,0.6247035830429213,8.293444444444445,0.569333626073306,8.176499999999999,0.604633247213849
April%202019_0.pdf|April%202020.pdf|December%202019.pdf|final%20summary%20for%20April%202022.pdf|January%202020.pdf|July%202019.pdf|June%202019.pdf|May%202019_0.pdf|May%202020.pdf|Monthly%20Summary%20for%20April-2023.pdf|November%202019.pdf,April,,2019,7.5,Million Tonnes,8.662,10.721,,,0.398,0.586,,,9.465,8.486,8.411,8.483666666666666,0.9825020780300359,8.284333333333334,0.7316030800008055,8.286777777777779,0.5792602562272381,8.21425,0.5381936327787946
April%202020.pdf|December%202019.pdf|January%202020.pdf|July%202019.pdf|June%202019.pdf|May%202019_0.pdf|May%202020.pdf|November%202019.pdf,May,,2019,8.78,million tonnes,9.235,10.848,,,0.318,0.535,,,7.5,9.465,8.486,8.581666666666667,0.9974007887170226,8.496833333333333,0.6393125735246127,8.335666666666668,0.602418459212532,8.25175,0.5621368524737465
April%202020.pdf|December%202019.pdf|Final%20monthly%20summary%20for%20June%2C%2022.pdf|January%202020.pdf|July%202019.pdf|June%202019.pdf|November%202019.pdf,June,,2019,8.772,million tonnes,9.3,11.572,,,0.299,0.604,,,8.78,7.5,9.465,8.350666666666667,0.7367098026586438,8.568999999999999,0.642364382574249,8.396999999999998,0.6170915653288426,8.30775,0.578868508385108
April%202020.pdf|December%202019.pdf|January%202020.pdf|July%202019.pdf|Monthly%20summary%20for%20July%202022.pdf|November%202019.pdf,July,,2019,8.368,million tonnes,9.239,8.015,,,0.461,0.772,,,8.772,8.78,7.5,8.64,0.2355928691620477,8.561833333333334,0.644715260147193,8.402888888888889,0.6164637954585105,8.375083333333334,0.5288126422524905
April%202020.pdf|December%202019.pdf|January%202020.pdf|November%202019.pdf|September%202019.pdf,August,,2019,8.81,Thousand tonne,8.88,8.377,,,0.983,0.856,,,8.368,8.772,8.78,8.65,0.24495713910806108,8.615833333333333,0.6506348950576372,8.547888888888888,0.5256580267732167,8.414250000000001,0.5431879174248666
April%202020.pdf|December%202019.pdf|January%202020.pdf|November%202019.pdf|October%202019.pdf|September%202019.pdf,September,,2019,8.346,million tonnes,8.417,8.158,,,1.019,0.565,,,8.81,8.368,8.772,8.508000000000001,0.26177089219392885,8.429333333333334,0.5019285473716989,8.548666666666668,0.5253153814614614,8.424750000000001,0.54030178856568
April%202020.pdf|December%202019.pdf|January%202020.pdf|November%202019.pdf|October%202019.pdf,October,,2019,8.394,million tonnes,8.967,8.186,,,0.95,0.63,,,8.346,8.81,8.368,8.516666666666667,0.25516530589666553,8.578333333333333,0.22980136350044345,8.546777777777779,0.525902504694972,8.431333333333333,0.5393233695749675
April%202020.pdf|December%202019.pdf|January%202020.pdf|monthly%20summary%20for%20the%20month%20of%20November%202021.pdf|November%202019.pdf,November,,2019,7.411,million tonnes,8.923,7.801,,,0.867,0.429,,,8.394,8.346,8.81,8.050333333333334,0.5541988211222905,8.350166666666667,0.5047139453855668,8.427333333333333,0.6490841624935867,8.423499999999999,0.5544708370066987
approved%20monthly%20summary%20Dec%2021.pdf|April%202020.pdf|December%202019.pdf|January%202020.pdf,December,,2019,8.33,million tonnes,9.014,8.256,,,0.767,0.437,,,7.411,8.394,8.346,8.045,0.5499918181209634,8.2765,0.46121220712379113,8.301222222222222,0.5196233678775862,8.422749999999999,0.5546015973815634
April%202020.pdf|February%202020.pdf|Final%20Monthly%20Summary%20for%20January%202022_0.pdf|January%202020.pdf,January,,2020,8.788,million tonnes,9.328,8.576,,,0.693,0.477,,,8.33,7.411,8.394,8.176333333333334,0.7012434194581343,8.3465,0.5074334439116114,8.444333333333333,0.4431049537073592,8.454166666666666,0.5644657704950816
April%202020.pdf|February%202020.pdf|March%202020_0.pdf|monthly%20summary%20for%20Feb%2C%2022_0.pdf,February,,2020,8.185,million tonnes,9.294,8.565,,,0.57,0.401,,,8.788,8.33,7.411,8.434333333333335,0.31474804738605966,8.242333333333333,0.4546623655710528,8.378222222222222,0.4309845640442884,8.429083333333333,0.5695871644259445
April%202020.pdf|March%202020_0.pdf|Monthly%20Summary%20for%20the%20Month%20of%20March%202022.pdf,March,,2020,7.325,million tonnes,7.386,6.745,,,0.453,0.293,,,8.185,8.788,8.33,8.099333333333334,0.7352525643160548,8.072166666666666,0.5814813553904087,8.217444444444446,0.525303748109395,8.25075,0.5504517359736115
April%202020.pdf|final%20summary%20for%20April%202022.pdf|June%202020_0.pdf|May%202020.pdf|monthly%20summary%20dec%2C%2020_0.pdf|Monthly%20Summary%20for%20April-2023.pdf|Summary%20for%20Aug%2020_0.pdf,April,,2020,0.699,Million Tonnes,2.752,1.346,,,0.429,0.407,,,7.325,8.185,8.788,5.403,4.0964145298053,6.789666666666668,3.0358450333748386,7.365333333333333,2.5538464127664375,7.684,2.2551719144305515
June%202020_0.pdf|May%202020.pdf|Summary%20for%20Aug%2020_0.pdf,May,,2020,3.036,million tonnes,5.32,3.622,,,1.284,0.539,,,0.699,7.325,8.185,3.686666666666667,3.3605794639218534,6.0605,3.3643908661152935,6.723777777777777,2.853260756475728,7.205333333333333,2.5866269834506754
Final%20monthly%20summary%20for%20June%2C%2022.pdf|June%202020_0.pdf|Summary%20for%20Aug%2020_0.pdf,June,,2020,5.1,million tonnes,6.8,5.9,,,1.55,0.26,,,3.036,0.699,7.325,2.9450000000000003,2.2019107611345086,5.522166666666667,3.1820981390690455,6.363111111111111,2.827611644323016,6.899333333333334,2.601597108537658
Monthly%20summary%20for%20July%202022.pdf|Monthly%20summary%20for%20upload%20to%20website.pdf|Summary%20for%20Aug%2020_0.pdf,July,,2020,6.1,MT,7.5,6.8,,,1.38,0.29,,,5.1,3.036,0.699,4.745333333333334,1.5624869066117963,5.074166666666667,2.796166763028751,6.1082222222222216,2.7231209933538474,6.710333333333334,2.5673594972030647
Summary%20for%20Aug%2020_0.pdf,August,,2020,7.5,million tonnes,8.5,7.9,,,,,,,6.1,5.1,3.036,6.233333333333333,1.205542754668334,4.96,2.6541259201477265,6.118111111111111,2.7285994321466664,6.601166666666667,2.4968461500400223
Monthly%20Summary%20for%20the%20month%20of%20October%202020.pdf,October,,2020,8.4,million tonnes,9.1,8.4,,,0.56,0.37,,,7.5,6.1,5.1,7.333333333333333,1.1590225767142437,5.139166666666667,2.8729668579130325,6.125888888888889,2.735782769357083,6.605666666666667,2.50032293671813
monthly%20summary%20for%20the%20month%20of%20November%202021.pdf|monthly%20summary%20nov%2C%2020%20-pdf_compressed_0.pdf,November,,2020,8.4,MT,9.2,8.4,,,0.6,0.35,,,8.4,7.5,6.1,8.100000000000001,0.519615242270661,6.422666666666667,2.112032828027699,6.082777777777778,2.6912840233695965,6.606166666666667,2.5007136375382295
approved%20monthly%20summary%20Dec%2021.pdf,December,,2020,10.26,MILLION TONNE,10.29,9.91,,,,,,,8.4,8.4,7.5,9.020000000000001,1.0738715006927055,7.626666666666666,1.8363732372986368,6.3133333333333335,2.968491241354773,6.843583333333334,2.7105114733145266
Final%20Monthly%20Summary%20for%20January%202022_0.pdf|monthly%20summary%20Jan%2C%2021-pdf_0.pdf,January,,2021,8.9,MT,10.0,9.0,,,0.52,0.58,,,10.26,8.4,8.4,9.186666666666667,0.9625660150521304,8.26,1.3922643427165713,6.488333333333333,3.0799202911763803,6.891083333333334,2.743719057256319
monthly%20summary%20for%20Feb%2C%2022_0.pdf,February,,2021,9.6,million tonnes,9.35,9.05,,,,,,,8.9,10.26,8.4,9.586666666666668,0.6800980321492941,8.843333333333334,0.9777866161216722,7.477333333333332,2.325141716111084,6.958749999999999,2.804102971945345
final%20Monthly%20summary%20Mar%2721_2.pdf|Monthly%20Summary%20for%20the%20Month%20of%20March%202022.pdf,March,,2021,9.71,million tonnes,10.48,10.11,,,,,,,9.6,8.9,10.26,9.403333333333334,0.43935558871299263,9.211666666666668,0.7632671004744466,8.21888888888889,1.7161180353085002,7.085833333333333,2.897723458583347
final%20summary%20for%20April%202022.pdf|Monthly%20Summary%20for%20April-2023.pdf|Monthly%20Summary%20for%20the%20month%20of%20April%202021.pdf,April,,2021,6.7,MT,8.0,7.1,,,1.0,0.4,,,9.71,9.6,8.9,8.67,1.7069563556224858,8.928333333333333,1.2712893717272513,8.396666666666668,1.4078174597581872,7.03375,2.8986505990640774
Monthly%20Summary%20for%20the%20month%20of%20May%202021.pdf,May,,2021,7.3,million tonnes,8.5,7.8,,,1.24,0.4,,,6.7,9.71,9.6,7.903333333333335,1.593120627364207,8.745,1.431890358931159,8.53,1.2053837563199508,7.583833333333334,2.104857146235963
Final%20monthly%20summary%20for%20June%2C%2022.pdf|Monthly%20Summary%20for%20the%20month%20of%20June%202021_0.pdf,June,,2021,8.15,million tonnes,9.29,8.7,,,1.37,0.4,,0.4,7.3,6.7,9.71,7.383333333333334,0.7285830998131352,8.393333333333333,1.230311613643743,8.602222222222224,1.154348060354605,8.01,1.543107843989466
Monthly%20summary%20for%20July%202022.pdf|summary%20for%20the%20month%20of%20july%202021_0.pdf,July,,2021,8.3,million tonnes,9.8,9.1,,,1.5,0.4,,,8.15,7.3,6.7,7.916666666666668,0.5392896562454378,8.293333333333333,1.2050172889492794,8.591111111111111,1.157016037534098,8.276666666666666,1.241541075608957
monthly%20summary%20august%2021.pdf,August,,2021,7.1,million tonnes,9.6,8.7,,,1.28,0.4,,0.4,8.3,8.15,7.3,7.850000000000001,0.6538348415310921,7.876666666666668,1.0895258907739058,8.446666666666665,1.2603868453772418,8.360000000000001,1.108602724153249
monthly%20summary%20for%20the%20month%20of%20October%202021.pdf,October,,2021,8.3,million tonnes,9.7,9.0,,,1.06,0.38,,,7.1,8.3,8.15,7.900000000000001,0.692820323027543,7.641666666666667,0.6960004789270429,8.22888888888889,1.0615489207338051,8.426666666666668,1.0757520273011014
monthly%20summary%20for%20the%20month%20of%20November%202021.pdf,November,,2021,8.47,million tonnes,9.63,9.19,,,0.722,0.312,,,8.3,7.1,8.3,7.956666666666668,0.7467485074195483,7.936666666666667,0.5829808458831834,8.181111111111111,1.0369600335167728,8.4325,1.0757840692426939
approved%20monthly%20summary%20Dec%2021.pdf,December,,2021,8.73,MILLION TONNE,9.89,9.39,,,0.798,0.395,,,8.47,8.3,7.1,8.5,0.21656407827706758,8.175,0.5625922146635205,8.084444444444445,0.9223761585046382,8.46,1.0790905261544879
Final%20Monthly%20Summary%20for%20January%202022_0.pdf,January,,2022,9.65,MT,10.33,9.81,,,0.814,0.45,,,8.73,8.47,8.3,8.950000000000001,0.6200000000000013,8.425,0.8225022796321019,8.077777777777778,0.9092823788265337,8.409166666666666,0.9979019657929021
monthly%20summary%20for%20Feb%2C%2022_0.pdf,February,,2022,9.2,million tonnes,10.11,9.71,,,1.157,0.411,,,9.65,8.73,8.47,9.193333333333333,0.46003623045727426,8.575000000000001,0.8755055682290112,8.355555555555556,0.8124824784435497,8.434166666666666,1.0149290914177531
Monthly%20Summary%20for%20the%20Month%20of%20March%202022.pdf,March,,2022,9.85,million tonnes,11.05,10.74,,,1.195,0.351,,,9.2,9.65,8.73,9.566666666666668,0.332916405923984,9.033333333333333,0.6359454903265445,8.63888888888889,0.8424435358592919,8.455,1.0432074665098134
final%20summary%20for%20April%202022.pdf|Monthly%20Economic%20Report%20April%2C%202025.pdf|Monthly%20Summary%20for%20April-2023.pdf,April,,2022,9.05,MT,9.85,9.35,,,0.743,0.327,,,9.85,9.2,9.65,9.366666666666667,0.4252450274057777,9.158333333333333,0.527424560166351,8.738888888888887,0.8304884774101962,8.4,0.9869051718284906
Monthly%20Summary%20for%20May%202022.pdf,May,,2022,9.45,MT,10.6,9.73,,,0.749,0.379,,,9.05,9.85,9.2,9.450000000000001,0.40000000000000985,9.321666666666667,0.4103859971620236,8.866666666666667,0.8428967908350311,8.629166666666668,0.8684412193782372
Final%20monthly%20summary%20for%20June%2C%2022.pdf,June,,2022,9.26,MT,10.46,9.71,,,0.638,0.45,,,9.45,9.05,9.85,9.253333333333334,0.20008331597946885,9.41,0.2996664812754368,9.106666666666667,0.5242852277148317,8.7925,0.7750205275873848
Monthly%20summary%20for%20July%202022.pdf,July,,2022,9.17,million tonnes,9.97,9.66,,,0.38,0.444,,,9.26,9.45,9.05,9.293333333333335,0.14294521094930204,9.33,0.2865658737533165,9.203333333333335,0.42839817926783075,8.8775,0.7537919293328127
Monthly%20Summary%20for%20the%20month%20of%20August%202022.pdf,August,,2022,9.31,MT,10.26,9.74,,,0.454,0.442,,,9.17,9.26,9.45,9.246666666666668,0.07094598884602374,9.348333333333333,0.2800297603231991,9.296666666666667,0.32851940581949174,8.961666666666668,0.7397030526235636
Monthly%20summary%20for%20September%202022_0.pdf,September,,2022,9.31,MT,10.22,9.51,,,0.577,0.499,,,9.31,9.17,9.26,9.263333333333335,0.0808290376865908,9.258333333333333,0.13658940905746797,9.36111111111111,0.25126900149262854,9.145833333333334,0.4540015685462313
Monthly%20summary%20for%20October%202022.pdf,October,,2022,10.07,million tonnes,10.24,9.85,,,3.6,5.93,,,9.31,9.31,9.17,9.563333333333334,0.43878620458412676,9.428333333333333,0.32719515073831507,9.407777777777778,0.3362580027961203,9.293333333333333,0.4415743185330129
Monthly%20summary%20for%20November%202022.pdf,November,,2022,9.66,million tonnes,10.34,9.55,,,3.38,6.0,,,10.07,9.31,9.31,9.68,0.380394532032219,9.463333333333333,0.3409203230472903,9.458888888888888,0.33568752004073954,9.3925,0.36722856395143805
Monthly%20summary%20for%20December%202022.pdf,December,,2022,10.19,million tonnes,10.5,9.78,,,4.42,6.53,,,9.66,10.07,9.31,9.973333333333334,0.277908857961286,9.618333333333334,0.42981003555834857,9.496666666666666,0.3984658078179236,9.514166666666666,0.36963024112149373
Monthly%20summary%20for%20January%202023.pdf,January,,2023,10.5,million tonnes,10.68,10.04,,,0.588,0.596,,,10.19,9.66,10.07,10.116666666666667,0.4247744499535569,9.840000000000002,0.4909582466972145,9.657777777777778,0.4800723325129598,9.585,0.46671969395697444
Monthly%20summary%20for%20February%202023.pdf,February,,2023,10.1,million tonnes,9.9,9.87,,,0.575,0.593,,,10.5,10.19,9.66,10.263333333333334,0.20984120980719542,9.971666666666666,0.42139846542989484,9.729999999999999,0.49360915712736614,9.66,0.4715159305127372
Monthly%20summary%20for%20March%202023.pdf,March,,2023,10.99,MT,11.34,10.81,,,0.812,0.429,,,10.1,10.5,10.19,10.530000000000001,0.44575778176047115,10.251666666666667,0.4509286713735022,9.922222222222222,0.6106713063870223,9.754999999999999,0.6082837256651795
Monthly%20Economic%20Report%20April%2C%202025.pdf|Monthly%20Economic%20Report%20for%20the%20month%20of%20April%2C%202026.pdf|Monthly%20Summary%20for%20April-2023.pdf,April,,2023,9.88,million tonnes,10.51,9.98,,,0.855,0.46,,0.46,10.99,10.1,10.5,10.323333333333336,0.5877357682950283,10.22,0.4723981371682207,10.00111111111111,0.5435173512511801,9.824166666666667,0.5665920182561135
Monthly%20Summary%20for%20June%202023.pdf|Monthly%20Summary%20for%20May%202023.pdf,May,,2023,10.36,MT,11.25,10.88,,,0.693,0.457,,,9.88,10.99,10.1,10.410000000000002,0.5566866263886843,10.336666666666666,0.3847423380220483,10.117777777777778,0.4863069446804472,9.9,0.5728239456650654
Monthly%20Summary%20for%20July%202023.pdf|Monthly%20Summary%20for%20the%20month%20of%20July-2024.pdf,July,,2023,10.26,million tonnes,11.52,10.53,,,0.513,0.587,,6.1,10.36,9.88,10.99,10.166666666666666,0.2532455988429907,10.348333333333333,0.38044272455479033,10.223333333333334,0.38069016273077844,9.983333333333333,0.5432282850671446
Monthly%20Summary%20for%20August-2023.pdf,August,,2023,11.22,million tonnes,11.44,10.94,,,4.8,5.3,,,10.26,10.36,9.88,10.613333333333335,0.5277625728804111,10.468333333333334,0.5242295934670916,10.351111111111111,0.49778118798433607,10.154166666666667,0.584939131772537
Monthly%20Summary%20for%20September-2023.pdf,September,,2023,11.17,MT,11.48,10.93,,,0.157,0.381,,,11.22,10.26,10.36,10.883333333333335,0.540401085614522,10.646666666666667,0.5549654643909585,10.518888888888888,0.49013886921065114,10.309166666666666,0.5873431447603619
Monthly%20Summary%20for%20October-2023.pdf,October,,2023,11.6,million tonnes,11.69,11.01,,,2.86,5.71,,,11.17,11.22,10.26,11.33,0.23515952032615292,10.748333333333335,0.6736294728310751,10.675555555555555,0.5875395967743459,10.5,0.6049492841252551
Monthly%20Summary%20for%20November-2023.pdf,November,,2023,11.42,million tonnes,11.76,11.02,,,2.34,7.82,,,11.6,11.17,11.22,11.396666666666667,0.215947524490004,11.005,0.5604908563036566,10.777777777777779,0.6315611169510252,10.6125,0.6421006010106239
Monthly%20Economic%20report%20January%202025_0.pdf|Monthly%20Summary%20for%20December-2023.pdf|Monthly%20Summary%20for%20the%20Month%20of%20January-2024.pdf,December,,2023,12.1,million tonnes,11.97,11.58,,,6.4,7.3,,9.0,11.42,11.6,11.17,11.706666666666665,0.3523256069793486,11.295,0.6081364978358123,11.0,0.7102288363619012,10.815833333333332,0.6970386494218969
Monthly%20Economic%20report%20January%202025_0.pdf|Monthly%20Economic%20report-February%202025_0.pdf|Monthly%20Summary%20for%20the%20month%20of%20February-2024.pdf|Monthly%20Summary%20for%20the%20Month%20of%20January-2024.pdf,January,,2024,12.0,million tonnes,12.2,11.7,,,8.5,7.7,,7.7,12.1,11.42,11.6,11.840000000000002,0.3671511950137647,11.585,0.3925175155327572,11.112222222222222,0.7843751936697283,10.966666666666667,0.7435826460556858
Monthly%20Economic%20report-February%202025_0.pdf|Monthly%20Summary%20for%20March-2024.pdf|Monthly%20Summary%20for%20the%20month%20of%20February-2024.pdf,February,,2024,11.33,million tonnes,12.05,11.48,,,10.3,7.6,,7.6,12.0,12.1,11.42,11.81,0.4186884283092084,11.603333333333333,0.37420137181292523,11.273333333333333,0.6341726894150981,11.035833333333334,0.734778362789941
Monthly%20Economic%20Report%20April%2C%202025.pdf|Monthly%20Summary%20for%20April-2024.pdf|Monthly%20Summary%20for%20March-2024.pdf,March,,2024,12.14,MT,12.45,12.17,,,0.84,0.58,,,11.33,12.0,12.1,11.823333333333332,0.43293571501248196,11.765,0.358761759389166,11.471111111111112,0.5897339324738644,11.205833333333333,0.734568003329287
Monthly%20Economic%20Report%20April%2C%202025.pdf|Monthly%20Economic%20Report%20for%20the%20month%20of%20April%2C%202026.pdf|Monthly%20Summary%20for%20April-2024.pdf|Monthly%20Summary%20for%20May-2024.pdf,April,,2024,11.08,million tonnes,11.92,11.26,,,5.1,5.9,,,12.14,11.33,12.0,11.516666666666667,0.5541058863911883,11.678333333333333,0.4561761355733944,11.562222222222223,0.4173960283045603,11.213333333333333,0.732620866023728
Monthly%20Economic%20Report-June%202025.pdf|Monthly%20Summary%20for%20May-2024.pdf|Monthly%20Summary%20for%20the%20month%20of%20June-2024.pdf,May,,2024,11.97,million tonnes,12.53,12.13,,,4.3,5.5,,7.2,11.08,12.14,11.33,11.730000000000002,0.5692978130996417,11.770000000000001,0.4490879646572705,11.645555555555555,0.4153947252647226,11.387500000000001,0.6277539326838372
Monthly%20Economic%20Report-July%202025.pdf|Monthly%20Economic%20Report-June%202025.pdf|Monthly%20Summary%20for%20the%20month%20of%20June-2024.pdf,June,,2024,12.01,million tonnes,12.26,12.06,,,3.4,5.5,,5.5,11.97,11.08,12.14,11.686666666666667,0.5257692776621388,11.755,0.43720704477399475,11.738888888888889,0.3886979690081842,11.525,0.5591958512006532
Monthly%20Economic%20Report-July%202025.pdf|Monthly%20Summary%20for%20the%20month%20of%20July-2024.pdf|Updated%20Monthly%20Economic%20Report-August%2025.pdf,July,,2024,12.3,million tonnes,12.34,11.78,,,2.9,7.5,,7.5,12.01,11.97,11.08,12.093333333333334,0.1800925687899826,11.805000000000001,0.4853349358948009,11.816666666666668,0.42570529712463767,11.695,0.43623388222377024
Monthly%20Economic%20Report%20April%2C%202025.pdf|Monthly%20Economic%20Report%20for%20the%20month%20of%20April%2C%202026.pdf|Monthly%20Economic%20Report%20for%20the%20month%20of%20May%2C%202026.pdf|Monthly%20Economic%20Report%20May%202025.pdf|Monthly%20Economic%20Report-June%202025.pdf,April,,2025,11.867,million tonnes,12.644,11.928,,,0.375,0.463,,,12.3,12.01,11.97,12.059000000000003,0.22061958208654267,11.8945,0.42612380829990165,11.866333333333333,0.3988715332033309,11.748916666666668,0.4114690882752709
Monthly%20Economic%20Report%20for%20the%20month%20of%20April%2C%202026.pdf|Monthly%20Economic%20Report%20for%20the%20month%20of%20May%2C%202026.pdf,April,,2026,12.99,million tonnes,14.09,13.05,,,0.47,0.68,,,11.867,12.3,12.01,12.385666666666667,0.5663800255423725,12.036166666666666,0.6208608271317166,11.965222222222224,0.5469007628852062,11.900583333333332,0.5037572392141155
