source_file,period_month,cumulative_months,period_year,consumption_value,consumption_unit,crude_steel_production,finished_steel_production,crude_steel_export,crude_steel_import,finished_steel_export,finished_steel_import,coal_imports,steel_imports
approved%20monthly%20summary%20Dec%2021.pdf,,April-December,2021,75.85,MT,87.07,82.21,,,10.329,3.457,,
approved%20monthly%20summary%20Dec%2021.pdf,December,,2018,8.15,MILLION TONNE,9.36,8.71,,,,,,
approved%20monthly%20summary%20Dec%2021.pdf,December,,2019,8.65,MILLION TONNE,9.38,9.22,,,,,,
approved%20monthly%20summary%20Dec%2021.pdf,December,,2020,10.26,MILLION TONNE,10.29,9.91,,,,,,
approved%20monthly%20summary%20Dec%2021.pdf,December,,2021,8.73,MILLION TONNE,9.89,9.39,,,0.798,0.395,,
April%202019_0.pdf,April,,2017,,,,,,,0.747,0.504,,
April%202019_0.pdf,May,,2017,,,,,,,0.641,0.56,,
April%202019_0.pdf,June,,2017,,,,,,,0.648,0.645,,
April%202019_0.pdf,July,,2017,,,,,,,0.77,0.799,,
April%202019_0.pdf,August,,2017,,,,,,,0.924,1.004,,
April%202019_0.pdf,September,,2017,,,,,,,1.119,0.811,,
April%202019_0.pdf,October,,2017,,,,,,,0.778,0.602,,
April%202019_0.pdf,November,,2017,,,,,,,1.012,0.614,,
April%202019_0.pdf,December,,2017,,,,,,,0.964,0.558,,
April%202019_0.pdf,January,,2018,,,,,,,0.615,0.356,,
April%202019_0.pdf,February,,2018,,,,,,,0.693,0.547,,
April%202019_0.pdf,March,,2018,,,9.506,,,,0.708,0.483,,
April%202019_0.pdf,,April-March,2018,,,103.131,,,,,,,
April%202019_0.pdf,April,,2018,7.047,Million Tonnes,8.653,10.429,,,0.558,0.598,,
April%202019_0.pdf,May,,2018,,,,,,,0.43,0.62,,
April%202019_0.pdf,June,,2018,,,,,,,0.364,0.676,,
April%202019_0.pdf,July,,2018,,,,,,,0.516,0.759,,
April%202019_0.pdf,August,,2018,,,,,,,0.701,0.671,,
April%202019_0.pdf,September,,2018,,,,,,,0.574,0.676,,
April%202019_0.pdf,October,,2018,8.301,Thousand tonne,,11.046,,,0.598,0.719,,
April%202019_0.pdf,November,,2018,7.637,Thousand tonne,,10.888,,,0.34,0.517,,
April%202019_0.pdf,December,,2018,7.922,Thousand tonne,,11.662,,,0.595,0.673,,
April%202019_0.pdf,January,,2019,8.411,Thousand tonne,,11.585,,,0.474,0.638,,
April%202019_0.pdf,February,,2019,8.416,Thousand tonne,,10.99,,,0.619,0.582,,
April%202019_0.pdf,March,,2019,9.488,Thousand tonne,9.412,12.126,,,0.592,0.705,,
April%202019_0.pdf,,April-March,2019,,,106.564,,,,,,,
April%202019_0.pdf,April,,2019,7.5,Million Tonnes,8.662,10.721,,,0.398,0.586,,
April%202020.pdf,March,,2019,,,10.042,,,,,,,
April%202020.pdf,,April-March,2019,,,110.921,,,,,,,
April%202020.pdf,April,,2019,7.691,Million Tonnes,9.021,8.753,,,0.397,0.586,,
April%202020.pdf,May,,2019,,,,,,,0.318,0.535,,
April%202020.pdf,June,,2019,,,,,,,0.299,0.604,,
April%202020.pdf,July,,2019,8.853,Thousand tonne,,8.45,,,0.46,0.772,,
April%202020.pdf,August,,2019,8.81,Thousand tonne,,8.377,,,0.983,0.856,,
April%202020.pdf,September,,2019,8.08,Thousand tonne,,8.087,,,1.019,0.565,,
April%202020.pdf,October,,2019,8.549,Thousand tonne,,8.243,,,0.95,0.629,,
April%202020.pdf,November,,2019,7.342,Thousand tonne,,7.816,,,0.867,0.429,,
April%202020.pdf,December,,2019,8.29,Thousand tonne,,8.372,,,0.767,0.437,,
April%202020.pdf,January,,2020,8.898,Thousand tonne,,8.704,,,0.694,0.477,,
April%202020.pdf,February,,2020,7.84,Thousand tonne,,8.3,,,0.57,0.401,,
April%202020.pdf,March,,2020,6.742,Million Tonnes,8.038,7.127,,,0.573,0.376,,
April%202020.pdf,,April-March,2020,,,109.696,,,,,,,
April%202020.pdf,April,,2020,0.699,Million Tonnes,2.752,1.346,,,0.429,0.407,,
August%202018.pdf,August,,2017,,,,10.52,,,0.92,1.0,,
August%202018.pdf,,April-August,2017,,,,51.05,,,,,,
August%202018.pdf,,January-July,2018,,,61.697,,,,,,,
August%202018.pdf,April,,2018,6.99,MT,,,,,,,,
August%202018.pdf,May,,2018,8.34,MT,,,,,,,,
August%202018.pdf,July,,2018,,,8.755,,,,,,,
August%202018.pdf,August,,2018,8.34,MT,,10.76,,,0.7,0.67,,
August%202018.pdf,,April-August,2018,,,,52.8,,,,,,
December%202018_5.pdf,December,,2018,8.339,million tonnes,,11.422,,,0.367,0.548,,
December%202018_5.pdf,December,,2017,7.621,million tonnes,,10.946,,,0.963,0.562,,
December%202018_5.pdf,,April-December,2018,71.862,million tonnes,,97.358,,,4.675,5.908,,
December%202018_5.pdf,,April-December,2017,66.301,million tonnes,,93.177,,,7.603,6.096,,
December%202018_5.pdf,November,,2018,7.637,million tonnes,8.959,10.888,,,,,,
December%202018_5.pdf,November,,2017,,,8.604,,,,,,,
December%202018_5.pdf,,January-November,2018,,,97.391,,,,,,,
December%202018_5.pdf,,January-November,2017,,,92.388,,,,,,,
December%202018_5.pdf,April,,2018,6.989,million tonnes,,9.906,,,,,,
December%202018_5.pdf,May,,2018,8.336,million tonnes,,10.156,,,,,,
December%202018_5.pdf,June,,2018,8.267,million tonnes,,10.721,,,,,,
December%202018_5.pdf,July,,2018,7.576,million tonnes,,10.446,,,,,,
December%202018_5.pdf,August,,2018,8.304,million tonnes,,11.227,,,,,,
December%202018_5.pdf,September,,2018,8.22,million tonnes,,10.742,,,,,,
December%202018_5.pdf,October,,2018,8.301,million tonnes,,11.046,,,,,,
December%202019.pdf,December,,2019,8.33,million tonnes,9.014,8.256,,,0.767,0.437,,
December%202019.pdf,November,,2019,7.342,million tonnes,8.934,7.816,,,0.867,0.429,,
December%202019.pdf,December,,2018,,,,,,,0.368,0.548,,
December%202019.pdf,November,,2018,,,9.192,,,,,,,
December%202019.pdf,,April-December,2019,74.831,million tonnes,81.914,75.907,,,6.52,5.514,,
December%202019.pdf,,April-December,2018,72.329,million tonnes,81.866,74.966,,,4.676,5.909,,
December%202019.pdf,,January-November,2019,,,101.954,,,,,,,
December%202019.pdf,,January-November,2018,,,99.916,,,,,,,
December%202019.pdf,April,,2019,7.506,million tonnes,,10.523,,,0.397,0.586,,
December%202019.pdf,May,,2019,8.824,million tonnes,,11.387,,,0.318,0.535,,
December%202019.pdf,June,,2019,8.72,million tonnes,,8.798,,,0.299,0.604,,
December%202019.pdf,July,,2019,8.853,million tonnes,,8.45,,,0.46,0.772,,
December%202019.pdf,August,,2019,8.81,million tonnes,,8.377,,,0.983,0.856,,
December%202019.pdf,September,,2019,8.08,million tonnes,,8.087,,,1.019,0.565,,
December%202019.pdf,October,,2019,8.549,million tonnes,,8.243,,,0.95,0.629,,
February%202019.pdf,February,,2019,8.486,million tonnes,8.914,11.188,,,0.619,0.582,,
February%202019.pdf,February,,2018,7.815,million tonnes,,10.586,,,0.693,0.547,,
February%202019.pdf,,April-February,2019,88.12,million tonnes,97.15,119.644,,,5.769,7.129,,
February%202019.pdf,,April-February,2018,82.012,million tonnes,,115.148,,,8.911,6.999,,
February%202019.pdf,January,,2019,8.411,million tonnes,9.18,11.585,,,0.474,0.638,,
February%202019.pdf,January,,2018,,,9.354,,,,0.615,0.356,,
February%202019.pdf,,April-January,2019,,,88.239,,,,,,,
February%202019.pdf,,April-January,2018,,,85.08,,,,,,,
February%202020.pdf,February,,2020,8.185,million tonnes,9.294,8.565,,,0.57,0.401,,
February%202020.pdf,January,,2020,8.898,million tonnes,9.29,8.704,,,0.694,0.477,,
February%202020.pdf,February,,2019,,,,,,,0.619,0.583,,
February%202020.pdf,January,,2019,,,9.591,,,,,,,
February%202020.pdf,,April-February,2020,92.603,million tonnes,100.786,94.014,,,7.783,6.392,,
February%202020.pdf,,April-February,2019,89.19,million tonnes,100.878,91.994,,,5.769,7.13,,
February%202020.pdf,,April-January,2020,,,91.479,,,,,,,
February%202020.pdf,,April-January,2019,,,91.457,,,,,,,
Final%20Monthly%20Summary%20for%20January%202022_0.pdf,,April-January,2022,86.3,MT,98.39,92.82,,,11.142,3.907,,
Final%20Monthly%20Summary%20for%20January%202022_0.pdf,January,,2022,9.65,MT,10.33,9.81,,,0.814,0.45,,
Final%20Monthly%20Summary%20for%20January%202022_0.pdf,January,,2021,10.18,MT,10.3,9.7,,,,,,
Final%20Monthly%20Summary%20for%20January%202022_0.pdf,January,,2020,9.17,MT,9.31,9.11,,,,,,
Final%20Monthly%20Summary%20for%20January%202022_0.pdf,January,,2019,8.49,MT,9.59,8.74,,,,,,
Final%20monthly%20summary%20for%20June%2C%2022.pdf,,April-June,2022,27.69,MT,31.39,29.16,,,2.191,1.172,,
Final%20monthly%20summary%20for%20June%2C%2022.pdf,June,,2022,9.26,MT,10.46,9.71,,,0.638,0.45,,
Final%20monthly%20summary%20for%20June%2C%2022.pdf,June,,2021,8.17,MT,9.38,8.73,,,,,,
Final%20monthly%20summary%20for%20June%2C%2022.pdf,June,,2020,6.35,MT,7.71,6.94,,,,,,
Final%20monthly%20summary%20for%20June%2C%2022.pdf,June,,2019,8.59,MT,9.39,8.83,,,,,,
Final%20monthly%20summary%20for%20June%2C%2022.pdf,June,,2018,8.22,MT,8.98,8.33,,,,,,
final%20monthly%20summary%20for%20the%20month%20of%20september%202021.pdf,September,,2021,,,,,,,,,,
final%20monthly%20summary%20for%20the%20month%20of%20september%202021.pdf,,April-September,2021,,,,,,,,,,
final%20Monthly%20summary%20Mar%2721_2.pdf,,April-March,2021,93.43,MT,102.49,94.66,,,10.79,4.75,,
final%20Monthly%20summary%20Mar%2721_2.pdf,March,,2021,,,,,,,,,,
final%20summary%20for%20April%202022.pdf,April,,2022,9.05,MT,9.85,9.35,,,0.743,0.327,,
final%20summary%20for%20April%202022.pdf,April,,2021,8.96,MT,9.55,9.27,,,,,,
final%20summary%20for%20April%202022.pdf,April,,2020,1.09,MT,3.29,1.57,,,,,,
final%20summary%20for%20April%202022.pdf,April,,2019,7.33,MT,9.02,8.67,,,,,,
January%202019.pdf,January,,2019,8.411,million tonnes,,11.585,,,0.475,0.638,,
January%202019.pdf,January,,2018,7.896,million tonnes,,11.385,,,0.615,0.356,,
January%202019.pdf,December,,2018,7.922,million tonnes,9.011,11.662,,,,,,
January%202019.pdf,December,,2017,,,9.066,,,,,,,
January%202019.pdf,November,,2018,7.637,million tonnes,,10.888,,,,,,
January%202019.pdf,October,,2018,8.301,million tonnes,,11.046,,,,,,
January%202019.pdf,September,,2018,8.22,million tonnes,,10.742,,,,,,
January%202019.pdf,August,,2018,8.304,million tonnes,,11.227,,,,,,
January%202019.pdf,July,,2018,7.576,million tonnes,,10.446,,,,,,
January%202019.pdf,,April-January,2019,79.962,million tonnes,,109.183,,,5.149,6.548,,
January%202019.pdf,,April-January,2018,74.197,million tonnes,,104.562,,,8.218,6.452,,
January%202019.pdf,,January-December,2018,,,106.463,,,,,,,
January%202019.pdf,,January-December,2017,,,101.457,,,,,,,
January%202020.pdf,January,,2020,8.788,million tonnes,9.328,8.576,,,0.693,0.477,,
January%202020.pdf,January,,2019,,,,,,,0.475,0.638,,
January%202020.pdf,December,,2019,8.29,million tonnes,9.281,8.372,,,0.767,0.437,,
January%202020.pdf,December,,2018,,,9.356,,,,,,,
January%202020.pdf,November,,2019,7.342,million tonnes,,7.816,,,0.867,0.429,,
January%202020.pdf,October,,2019,8.549,million tonnes,,8.243,,,0.95,0.629,,
January%202020.pdf,September,,2019,8.08,million tonnes,,8.087,,,1.019,0.565,,
January%202020.pdf,August,,2019,8.81,million tonnes,,8.377,,,0.983,0.856,,
January%202020.pdf,July,,2019,8.853,million tonnes,,8.45,,,0.46,0.772,,
January%202020.pdf,June,,2019,8.72,million tonnes,,8.798,,,0.299,0.604,,
January%202020.pdf,May,,2019,8.824,million tonnes,,11.387,,,0.318,0.535,,
January%202020.pdf,April,,2019,7.506,million tonnes,,10.523,,,0.397,0.586,,
January%202020.pdf,,April-January,2020,83.837,million tonnes,91.521,84.902,,,7.213,5.991,,5.99
January%202020.pdf,,April-January,2019,80.816,million tonnes,91.457,83.709,,,5.15,6.547,,6.54
January%202020.pdf,,January-December,2019,,,111.246,,,,,,,
January%202020.pdf,,January-December,2018,,,109.272,,,,,,,
July%202019.pdf,July,,2019,8.368,million tonnes,9.239,8.015,,,0.461,0.772,,
July%202019.pdf,July,,2018,8.086,million tonnes,9.059,8.161,,,0.529,0.758,,
July%202019.pdf,June,,2019,8.72,million tonnes,9.336,8.798,,,0.299,0.604,,
July%202019.pdf,June,,2018,,,8.976,,,,,,,
July%202019.pdf,May,,2019,8.824,million tonnes,,11.387,,,0.318,0.535,,
July%202019.pdf,April,,2019,7.506,million tonnes,,10.523,,,0.397,0.586,,
July%202019.pdf,March,,2019,9.488,million tonnes,,12.126,,,0.592,0.705,,
July%202019.pdf,February,,2019,8.416,million tonnes,,10.99,,,0.619,0.582,,
July%202019.pdf,January,,2019,8.58,million tonnes,,11.595,,,0.474,0.638,,
July%202019.pdf,,April-July,2019,33.258,million tonnes,36.847,34.156,,,1.475,2.496,,
July%202019.pdf,,April-July,2018,31.459,million tonnes,35.884,32.692,,,1.926,2.655,,
July%202019.pdf,,January-June,2019,,,56.959,,,,,,,
July%202019.pdf,,January-June,2018,,,54.23,,,,,,,
June%202019.pdf,June,,2019,8.772,million tonnes,9.3,11.572,,,0.299,0.604,,
June%202019.pdf,June,,2018,8.245,million tonnes,8.976,11.316,,,0.379,0.679,,
June%202019.pdf,May,,2019,8.78,million tonnes,9.196,10.848,,,0.318,0.535,,
June%202019.pdf,May,,2018,,,8.779,,,,,,,
June%202019.pdf,April,,2019,7.5,million tonnes,,10.721,,,0.397,0.586,,
June%202019.pdf,March,,2019,9.488,million tonnes,,12.126,,,0.592,0.705,,
June%202019.pdf,February,,2019,8.416,million tonnes,,10.99,,,0.619,0.582,,
June%202019.pdf,January,,2019,8.411,million tonnes,,11.585,,,0.474,0.638,,
June%202019.pdf,December,,2018,7.922,million tonnes,,11.662,,,,,,
June%202019.pdf,November,,2018,7.637,million tonnes,,10.888,,,,,,
June%202019.pdf,October,,2018,8.301,million tonnes,,11.046,,,,,,
June%202019.pdf,,April-June,2019,25.187,million tonnes,27.728,34.131,,,1.015,1.724,,
June%202019.pdf,,April-June,2018,23.584,million tonnes,26.824,33.516,,,1.397,1.897,,
June%202019.pdf,,January-May,2019,,,45.314,,,,,,,
June%202019.pdf,,January-May,2018,,,44.811,,,,,,,
June%202020_0.pdf,June,,2020,5.1,million tonnes,6.8,5.9,,,1.55,0.26,,
June%202020_0.pdf,May,,2020,4.5,million tonnes,5.8,5.1,,,,,,
June%202020_0.pdf,April,,2020,1.1,million tonnes,3.2,1.6,,,,,,
March%202019.pdf,March,,2019,9.465,million tonnes,9.213,12.272,,,0.592,0.705,,
March%202019.pdf,March,,2018,8.696,million tonnes,9.506,11.708,,,0.708,0.483,,
March%202019.pdf,February,,2019,8.486,million tonnes,8.738,11.188,,,0.619,0.582,,
March%202019.pdf,February,,2018,,,8.545,,,,0.693,0.547,,
March%202019.pdf,,April-March,2019,97.515,million tonnes,106.366,131.718,,,6.362,7.837,,
March%202019.pdf,,April-March,2018,90.708,million tonnes,103.131,126.856,,,9.619,7.482,,
March%202019.pdf,,April-February,2019,,,97.152,,,,,,,
March%202019.pdf,,April-February,2018,,,93.625,,,,,,,
March%202020_0.pdf,March,,2020,7.325,million tonnes,7.386,6.745,,,0.453,0.293,,
March%202020_0.pdf,February,,2020,7.84,million tonnes,9.56,8.3,,,0.57,0.401,,
March%202020_0.pdf,March,,2019,,,,,,,0.592,0.705,,
March%202020_0.pdf,February,,2019,,,9.421,,,,,,,
March%202020_0.pdf,,April-March,2020,100.005,million tonnes,108.5,101.032,,,8.235,6.685,,
March%202020_0.pdf,,April-March,2019,98.708,million tonnes,110.921,101.287,,,6.361,7.835,,
March%202020_0.pdf,,April-February,2020,,,101.046,,,,,,,
March%202020_0.pdf,,April-February,2019,,,100.879,,,,,,,
May%202019_0.pdf,May,,2019,8.78,million tonnes,9.235,10.848,,,0.318,0.535,,
May%202019_0.pdf,May,,2018,8.24,million tonnes,8.779,10.674,,,0.445,0.619,,
May%202019_0.pdf,April,,2019,7.5,million tonnes,8.785,10.721,,,0.397,0.586,,
May%202019_0.pdf,April,,2018,,,8.653,,,,,,,
May%202019_0.pdf,,April-May,2020,16.286,million tonnes,18.02,21.371,,,0.715,1.121,,
May%202019_0.pdf,,April-May,2019,15.286,million tonnes,17.432,21.156,,,1.018,1.218,,
May%202019_0.pdf,,January-April,2019,,,36.118,,,,,,,
May%202019_0.pdf,,January-April,2018,,,36.058,,,,,,,
May%202020.pdf,May,,2020,3.036,million tonnes,5.32,3.622,,,1.284,0.539,,
May%202020.pdf,April,,2020,0.977,million tonnes,3.137,1.531,,,0.429,0.407,,
May%202020.pdf,May,,2019,,,,,,,0.318,0.535,,
May%202020.pdf,April,,2019,,,9.021,,,,,,,
May%202020.pdf,,April-May,2021,4.013,million tonnes,8.457,5.153,,,,,,
May%202020.pdf,,April-May,2020,16.41,million tonnes,18.489,17.794,,,,,,
May%202020.pdf,,January-April,2020,,,30.055,,,,,,,
May%202020.pdf,,January-April,2019,,,38.075,,,,,,,
Monthly%20Ecomnomic%20Report%20for%20the%20month%20of%20Dec%202025.pdf,December,,2025,,,,,,,0.62,0.46,,
Monthly%20Ecomnomic%20Report%20for%20the%20month%20of%20Dec%202025.pdf,November,,2025,,,13.71,,,,0.73,0.39,,
Monthly%20Ecomnomic%20Report%20for%20the%20month%20of%20Dec%202025.pdf,October,,2025,,,13.95,,,,,,,
Monthly%20Ecomnomic%20Report%20for%20the%20month%20of%20Dec%202025.pdf,December,,2024,,,,,,,0.45,0.84,,
Monthly%20Ecomnomic%20Report%20for%20the%20month%20of%20Dec%202025.pdf,November,,2024,,,12.38,,,,,,,
Monthly%20Ecomnomic%20Report%20for%20the%20month%20of%20Dec%202025.pdf,,April-December,2026,119.3,million tonnes,123.87,117.64,,,4.8,4.65,,
Monthly%20Ecomnomic%20Report%20for%20the%20month%20of%20Dec%202025.pdf,,April-December,2025,111.73,million tonnes,111.84,107.43,,,3.6,7.42,,
Monthly%20Ecomnomic%20Report%20for%20the%20month%20of%20Dec%202025.pdf,,April-December,2024,100.08,million tonnes,106.72,102.67,,,4.77,6.05,,
Monthly%20Ecomnomic%20Report%20for%20the%20month%20of%20Dec%202025.pdf,,April-December,2023,87.14,million tonnes,93.16,89.56,,,4.74,4.4,,
Monthly%20Economic%20Report%20April%2C%202025.pdf,April,,2025,11.867,million tonnes,12.644,11.928,,,0.375,0.463,,
Monthly%20Economic%20Report%20April%2C%202025.pdf,April,,2024,11.348,million tonnes,12.208,11.853,,,0.505,0.585,,
Monthly%20Economic%20Report%20April%2C%202025.pdf,April,,2023,10.024,million tonnes,11.641,11.053,,,0.855,0.46,,
Monthly%20Economic%20Report%20April%2C%202025.pdf,April,,2022,9.21,million tonnes,10.387,9.627,,,0.761,0.333,,
Monthly%20Economic%20Report%20April%2C%202025.pdf,March,,2025,,,13.8,,,,0.453,0.575,,
Monthly%20Economic%20Report%20April%2C%202025.pdf,February,,2025,,,12.6,,,,,,,
Monthly%20Economic%20Report%20April%2C%202025.pdf,March,,2024,,,12.9,,,,,,,
Monthly%20Economic%20Report%20for%20the%20month%20of%20April%2C%202026.pdf,April,,2026,12.99,million tonnes,14.09,13.05,,,0.47,0.68,,
Monthly%20Economic%20Report%20for%20the%20month%20of%20April%2C%202026.pdf,April,,2025,12.01,million tonnes,13.31,12.61,,,0.38,0.52,,
Monthly%20Economic%20Report%20for%20the%20month%20of%20April%2C%202026.pdf,April,,2024,11.35,million tonnes,12.21,11.85,,,0.51,0.59,,
Monthly%20Economic%20Report%20for%20the%20month%20of%20April%2C%202026.pdf,April,,2023,10.02,million tonnes,11.64,11.05,,,0.86,0.46,,
Monthly%20Economic%20Report%20for%20the%20month%20of%20April%2C%202026.pdf,March,,2026,,,15.32,,,,0.58,0.52,,
Monthly%20Economic%20Report%20for%20the%20month%20of%20April%2C%202026.pdf,February,,2026,,,14.07,,,,,,,
Monthly%20Economic%20Report%20for%20the%20month%20of%20April%2C%202026.pdf,March,,2025,,,14.0,,,,,,,
Monthly%20Economic%20Report%20for%20the%20month%20of%20February%202026.pdf,,April-February,2026,147.72,million tonnes,153.61,146.79,,,6.02,5.62,,
Monthly%20Economic%20Report%20for%20the%20month%20of%20February%202026.pdf,,April-February,2025,137.85,million tonnes,138.18,132.93,,,4.4,8.98,,
Monthly%20Economic%20Report%20for%20the%20month%20of%20February%202026.pdf,,April-February,2024,123.81,million tonnes,131.41,126.57,,,6.64,7.75,,
Monthly%20Economic%20Report%20for%20the%20month%20of%20February%202026.pdf,,April-February,2023,108.7,million tonnes,115.4,111.53,,,5.9,5.59,,
Monthly%20Economic%20Report%20for%20the%20month%20of%20February%202026.pdf,February,,2026,,,,,,,0.54,0.36,,
Monthly%20Economic%20Report%20for%20the%20month%20of%20February%202026.pdf,January,,2026,,,15.14,,,,0.68,0.42,,
Monthly%20Economic%20Report%20for%20the%20month%20of%20February%202026.pdf,December,,2025,,,14.88,,,,,,,
Monthly%20Economic%20Report%20for%20the%20month%20of%20February%202026.pdf,February,,2025,,,,,,,0.41,0.61,,
Monthly%20Economic%20Report%20for%20the%20month%20of%20February%202026.pdf,January,,2025,,,13.71,,,,,,,
Monthly%20Economic%20Report%20for%20the%20month%20of%20May%2C%202026.pdf,,April-May,2026,27.36,million tonnes,28.04,27.36,,,0.98,1.37,,
Monthly%20Economic%20Report%20for%20the%20month%20of%20May%2C%202026.pdf,,April-May,2025,25.17,million tonnes,27.3,25.71,,,0.77,0.94,,
Monthly%20Economic%20Report%20for%20the%20month%20of%20May%2C%202026.pdf,,April-May,2024,23.47,million tonnes,24.55,23.85,,,0.94,1.31,,
Monthly%20Economic%20Report%20for%20the%20month%20of%20May%2C%202026.pdf,,April-May,2023,20.75,million tonnes,23.44,22.37,,,1.55,0.95,,
Monthly%20Economic%20Report%20for%20the%20month%20of%20May%2C%202026.pdf,May,,2026,,,,,,,0.51,0.69,,
Monthly%20Economic%20Report%20for%20the%20month%20of%20May%2C%202026.pdf,April,,2026,,,13.83,,,,0.47,0.68,,
Monthly%20Economic%20Report%20for%20the%20month%20of%20May%2C%202026.pdf,March,,2026,,,15.49,,,,,,,
Monthly%20Economic%20Report%20for%20the%20month%20of%20May%2C%202026.pdf,May,,2025,,,,,,,0.39,0.42,,
Monthly%20Economic%20Report%20for%20the%20month%20of%20May%2C%202026.pdf,April,,2025,,,13.31,,,,,,,
Monthly%20Economic%20report%20January%202025_0.pdf,,April-January,2025,124.8,million tonnes,124.92,119.5,,,3.994,8.292,,
Monthly%20Economic%20report%20January%202025_0.pdf,,April-January,2024,112.6,million tonnes,119.5,115.0,,,5.619,6.895,,
Monthly%20Economic%20report%20January%202025_0.pdf,,April-January,2023,98.3,million tonnes,104.8,101.1,,,,,,
Monthly%20Economic%20report%20January%202025_0.pdf,,April-January,2022,87.0,million tonnes,99.0,93.4,,,,,,
Monthly%20Economic%20report%20January%202025_0.pdf,,April-March,2024,136.3,million tonnes,144.3,139.2,,,,,,
Monthly%20Economic%20report%20January%202025_0.pdf,,April-March,2023,119.9,million tonnes,127.2,123.2,,,,,,
Monthly%20Economic%20report%20January%202025_0.pdf,,April-March,2022,105.8,million tonnes,120.3,114.0,,,,,,
Monthly%20Economic%20report%20January%202025_0.pdf,January,,2025,,,,,,,0.395,0.868,,
Monthly%20Economic%20report%20January%202025_0.pdf,December,,2024,,,13.6,,,,0.446,0.842,,
Monthly%20Economic%20report%20January%202025_0.pdf,November,,2024,,,12.4,,,,,,,
Monthly%20Economic%20report%20January%202025_0.pdf,January,,2024,,,,,,,0.846,0.847,,
Monthly%20Economic%20report%20January%202025_0.pdf,December,,2023,,,12.4,,,,,,,
Monthly%20economic%20report%20March%2025.pdf,March,,2025,,,,,,,4.53,5.57,,
Monthly%20economic%20report%20March%2025.pdf,February,,2025,,,12.7,,,,4.1,6.06,,
Monthly%20economic%20report%20March%2025.pdf,,April-March,2025,150.234,million tonnes,151.14,145.309,,,4.858,9.532,,
Monthly%20Economic%20Report%20May%202025.pdf,May,,2025,,,,,,,3.91,4.28,,
Monthly%20Economic%20Report%20May%202025.pdf,April,,2025,,,12.9,,,,3.75,5.19,,
Monthly%20Economic%20Report%20May%202025.pdf,,April-May,2025,25.11,million tonnes,26.41,25.61,,,0.77,0.95,,
Monthly%20Economic%20Report-%20January%202026%20%286%29.pdf,January,,2026,,,,,,,0.68,0.25,,
Monthly%20Economic%20Report-%20January%202026%20%286%29.pdf,December,,2025,,,14.79,,,,0.62,0.46,,
Monthly%20Economic%20Report-%20January%202026%20%286%29.pdf,,April-January,2026,133.7,million tonnes,138.8,132.3,,,5.48,4.9,,
Monthly%20Economic%20Report-%20June%202026%20%281%29.pdf,June,,2026,,,,,,,0.62,0.7,,
Monthly%20Economic%20Report-%20June%202026%20%281%29.pdf,May,,2026,,,14.09,,,,0.51,0.69,,
Monthly%20Economic%20Report-%20June%202026%20%281%29.pdf,,April-June,2026,41.57,million tonnes,42.06,40.99,,,1.59,2.06,,
Monthly%20Economic%20Report-%20March%202026%20%285%29.pdf,March,,2026,,,,,,,0.58,0.52,,
Monthly%20Economic%20Report-%20March%202026%20%285%29.pdf,February,,2026,,,13.6,,,,0.54,0.56,,
Monthly%20Economic%20Report-%20March%202026%20%285%29.pdf,,April-March,2026,163.7,million tonnes,168.4,160.9,,,6.6,6.52,,
Monthly%20Economic%20Report-%20November%202025%20%283%29.docx_.pdf,,April-November,2025,105.17,million tonnes,109.49,104.83,,,4.18,4.19,,
Monthly%20Economic%20Report-%20November%202025%20%283%29.docx_.pdf,,April-November,2024,97.94,million tonnes,98.41,94.61,,,3.15,6.58,,
Monthly%20Economic%20Report-%20November%202025%20%283%29.docx_.pdf,,April-November,2023,87.27,million tonnes,94.32,90.49,,,4.13,5.15,,
Monthly%20Economic%20Report-%20November%202025%20%283%29.docx_.pdf,,April-November,2022,75.76,million tonnes,82.07,78.5,,,4.3,3.75,,
Monthly%20Economic%20Report-%20November%202025%20%283%29.docx_.pdf,November,,2025,,,,,,,0.73,0.39,,
Monthly%20Economic%20Report-%20November%202025%20%283%29.docx_.pdf,October,,2025,,,13.56,,,,0.64,0.46,,
Monthly%20Economic%20Report-%20November%202025%20%283%29.docx_.pdf,September,,2025,,,13.63,,,,,,,
Monthly%20Economic%20Report-%20November%202025%20%283%29.docx_.pdf,November,,2024,,,,,,,0.4,0.81,,
Monthly%20Economic%20Report-%20November%202025%20%283%29.docx_.pdf,October,,2024,,,12.81,,,,,,,
Monthly%20Economic%20report-February%202025_0.pdf,,April-February,2025,137.85,million tonnes,137.96,132.57,,,4.4,9.0,,
Monthly%20Economic%20report-February%202025_0.pdf,,April-February,2024,123.8,million tonnes,131.4,126.6,,,6.6,7.7,,
Monthly%20Economic%20report-February%202025_0.pdf,,April-February,2023,108.7,million tonnes,115.4,111.5,,,6.0,5.6,,
Monthly%20Economic%20report-February%202025_0.pdf,,April-February,2022,96.1,million tonnes,109.2,103.0,,,12.3,4.3,,
Monthly%20Economic%20report-February%202025_0.pdf,February,,2025,,,,,,,4.1,6.07,,
Monthly%20Economic%20report-February%202025_0.pdf,January,,2025,,,13.6,,,,3.95,9.44,,
Monthly%20Economic%20report-February%202025_0.pdf,December,,2024,,,13.4,,,,,,,
Monthly%20Economic%20report-February%202025_0.pdf,February,,2024,,,,,,,10.26,8.54,,
Monthly%20Economic%20report-February%202025_0.pdf,January,,2024,,,12.8,,,,,,,
Monthly%20Economic%20Report-July%202025.pdf,,April-July,2025,51.45,million tonnes,54.19,51.46,,,1.7,1.67,,
Monthly%20Economic%20Report-July%202025.pdf,,April-July,2024,47.85,million tonnes,48.8,47.28,,,1.57,2.76,,
Monthly%20Economic%20Report-July%202025.pdf,,April-July,2023,41.57,million tonnes,46.51,44.44,,,2.66,2.05,,
Monthly%20Economic%20Report-July%202025.pdf,,April-July,2022,36.68,million tonnes,41.08,38.7,,,2.57,1.62,,
Monthly%20Economic%20Report-July%202025.pdf,July,,2025,,,,,,,0.49,0.28,,
Monthly%20Economic%20Report-July%202025.pdf,June,,2025,,,13.55,,,,0.45,0.44,,
Monthly%20Economic%20Report-July%202025.pdf,May,,2025,,,13.7,,,,,,,
Monthly%20Economic%20Report-July%202025.pdf,July,,2024,,,,,,,0.3,0.81,,
Monthly%20Economic%20Report-July%202025.pdf,June,,2024,,,11.96,,,,,,,
Monthly%20Economic%20Report-June%202025.pdf,,April-June,2025,38.34,million tonnes,40.31,38.57,,,1.21,1.41,,
Monthly%20Economic%20Report-June%202025.pdf,,April-June,2024,35.54,million tonnes,36.51,35.51,,,1.28,1.94,,
Monthly%20Economic%20Report-June%202025.pdf,,April-June,2023,30.83,million tonnes,35.01,33.43,,,2.05,1.44,,
Monthly%20Economic%20Report-June%202025.pdf,,April-June,2022,27.5,million tonnes,31.03,29.03,,,2.19,1.17,,
Monthly%20Economic%20Report-June%202025.pdf,June,,2025,,,,,,,4.46,4.28,,
Monthly%20Economic%20Report-June%202025.pdf,May,,2025,,,13.54,,,,3.91,4.64,,
Monthly%20Economic%20Report-June%202025.pdf,April,,2025,,,13.35,,,,,,,
Monthly%20Economic%20Report-June%202025.pdf,June,,2024,,,,,,,3.43,6.36,,
Monthly%20Economic%20Report-June%202025.pdf,May,,2024,,,12.34,,,,,,,
Monthly%20Economic%20Report-October%202025.pdf,,April-October,2025,92.5,million tonnes,96.08,91.89,,,3.45,3.8,,
Monthly%20Economic%20Report-October%202025.pdf,,April-October,2024,85.83,million tonnes,86.03,82.94,,,2.75,5.77,,
Monthly%20Economic%20Report-October%202025.pdf,,April-October,2023,76.01,million tonnes,82.47,79.14,,,3.9,4.06,,
Monthly%20Economic%20Report-October%202025.pdf,,April-October,2022,65.94,million tonnes,71.53,68.43,,,3.96,3.15,,
Monthly%20Economic%20Report-October%202025.pdf,October,,2025,,,,,,,0.64,0.46,,
Monthly%20Economic%20Report-October%202025.pdf,September,,2025,,,13.57,,,,0.58,0.65,,
Monthly%20Economic%20Report-October%202025.pdf,August,,2025,,,14.04,,,,,,,
Monthly%20Economic%20Report-October%202025.pdf,October,,2024,,,,,,,0.44,1.03,,
Monthly%20Economic%20Report-October%202025.pdf,September,,2024,,,11.99,,,,,,,
Monthly%20Economic%20Report-September%202025.pdf,,April-September,2025,78.88,million tonnes,82.31,78.56,,,2.81,3.34,,
Monthly%20Economic%20Report-September%202025.pdf,,April-September,2024,72.8,million tonnes,73.23,70.72,,,2.31,4.73,,
Monthly%20Economic%20Report-September%202025.pdf,,April-September,2023,64.07,million tonnes,70.23,67.42,,,3.6,3.33,,
Monthly%20Economic%20Report-September%202025.pdf,,April-September,2022,55.75,million tonnes,61.06,58.36,,,3.6,2.56,,
Monthly%20Economic%20Report-September%202025.pdf,September,,2025,,,,,,,0.58,0.65,,0.65
Monthly%20Economic%20Report-September%202025.pdf,August,,2025,,,14.09,,,,0.53,0.67,,0.67
Monthly%20Economic%20Report-September%202025.pdf,July,,2025,,,13.98,,,,,,,
Monthly%20Economic%20Report-September%202025.pdf,August,,2024,,,12.44,,,,,,,
Monthly%20Economic%20Report-September%202025.pdf,September,,2024,,,,,,,0.4,1.02,,1.02
monthly%20summary%20august%2021.pdf,August,,2021,7.1,million tonnes,9.6,8.7,,,1.28,0.4,,0.4
monthly%20summary%20dec%2C%2020_0.pdf,,April-December,2020,63.46,MT,71.94,64.45,,,8.31,3.21,,3.21
monthly%20summary%20dec%2C%2020_0.pdf,April,,2020,1.09,million tonnes,3.29,1.57,,,,,,
monthly%20summary%20feb%202021.pdf,,April-February,2021,84.07,MT,93.11,85.42,,,9.49,4.25,,4.25
Monthly%20Summary%20for%20April-2023.pdf,April,,2023,9.88,million tonnes,10.51,9.98,,,0.855,0.46,,0.46
Monthly%20Summary%20for%20April-2023.pdf,April,,2022,9.21,million tonnes,10.39,9.63,,,,,,
Monthly%20Summary%20for%20April-2023.pdf,April,,2021,8.96,million tonnes,9.55,9.27,,,,,,
Monthly%20Summary%20for%20April-2023.pdf,April,,2020,1.09,million tonnes,3.29,1.57,,,,,,
Monthly%20Summary%20for%20April-2023.pdf,April,,2019,7.33,million tonnes,9.02,8.67,,,,,,
Monthly%20Summary%20for%20April-2024.pdf,April,,2024,11.08,million tonnes,11.92,11.26,,,5.1,5.9,,
Monthly%20Summary%20for%20April-2024.pdf,March,,2024,12.26,million tonnes,12.71,12.34,,,8.4,5.7,,
Monthly%20Summary%20for%20April-2024.pdf,,April-March,2024,,,,,,,74.9,83.2,,
Monthly%20Summary%20for%20April-2024.pdf,,April-March,2023,,,,,,,67.2,60.2,,
Monthly%20Summary%20for%20August-2023.pdf,August,,2023,11.22,million tonnes,11.44,10.94,,,4.8,5.3,,
Monthly%20Summary%20for%20August-2023.pdf,,April-August,2023,52.36,million tonnes,57.26,54.48,,,30.43,25.18,,
Monthly%20Summary%20for%20August-2024.pdf,,April-August,2024,60.26,million tonnes,61.08,58.87,,,1.92,3.45,,
Monthly%20Summary%20for%20August-2024.pdf,,April-August,2023,52.95,million tonnes,58.48,55.91,,,3.17,2.78,,
Monthly%20summary%20for%20December%202022.pdf,December,,2022,10.19,million tonnes,10.5,9.78,,,4.42,6.53,,
Monthly%20summary%20for%20December%202022.pdf,,April-December,2022,85.53,million tonnes,92.46,87.87,,,47.41,44.04,,
Monthly%20Summary%20for%20December-2023.pdf,December,,2023,12.1,million tonnes,11.97,11.58,,,6.4,7.3,,
Monthly%20Summary%20for%20December-2023.pdf,,April-December,2023,99.36,million tonnes,106.08,101.29,,,46.8,55.7,,
monthly%20summary%20for%20Feb%2C%2022_0.pdf,February,,2022,9.2,million tonnes,10.11,9.71,,,1.157,0.411,,
monthly%20summary%20for%20Feb%2C%2022_0.pdf,,April-February,2022,96.03,million tonnes,108.99,102.98,,,12.299,4.318,,
monthly%20summary%20for%20Feb%2C%2022_0.pdf,February,,2019,8.37,million tonnes,9.42,8.29,,,,,,
monthly%20summary%20for%20Feb%2C%2022_0.pdf,February,,2020,8.55,million tonnes,9.44,8.57,,,,,,
monthly%20summary%20for%20Feb%2C%2022_0.pdf,February,,2021,9.6,million tonnes,9.35,9.05,,,,,,
Monthly%20summary%20for%20February%202023.pdf,February,,2023,10.1,million tonnes,9.9,9.87,,,0.575,0.593,,
Monthly%20summary%20for%20February%202023.pdf,,April-February,2023,107.2,million tonnes,113.44,109.35,,,5.904,5.592,,
Monthly%20summary%20for%20January%202023.pdf,January,,2023,10.5,million tonnes,10.68,10.04,,,0.588,0.596,,
Monthly%20summary%20for%20January%202023.pdf,,April-January,2023,96.38,million tonnes,103.18,98.26,,,5.329,5.0,,
Monthly%20summary%20for%20July%202022.pdf,July,,2022,9.17,million tonnes,9.97,9.66,,,0.38,0.444,,
Monthly%20summary%20for%20July%202022.pdf,,April-July,2022,36.53,million tonnes,40.95,38.55,,,2.57,1.616,,
Monthly%20summary%20for%20July%202022.pdf,July,,2018,7.81,million tonnes,9.06,8.16,,,,,,
Monthly%20summary%20for%20July%202022.pdf,July,,2019,8.57,million tonnes,9.48,8.61,,,,,,
Monthly%20summary%20for%20July%202022.pdf,July,,2020,7.69,million tonnes,8.69,8.13,,,,,,
Monthly%20summary%20for%20July%202022.pdf,July,,2021,8.04,million tonnes,9.76,8.79,,,,,,
Monthly%20Summary%20for%20July%202023.pdf,July,,2023,10.26,million tonnes,11.52,10.53,,,0.513,0.587,,
Monthly%20Summary%20for%20July%202023.pdf,,April-July,2023,40.62,million tonnes,45.39,43.01,,,2.563,1.989,,
Monthly%20Summary%20for%20June%202023.pdf,June,,2023,,MT,11.28,,,,0.502,0.484,,
Monthly%20Summary%20for%20June%202023.pdf,May,,2023,9.88,MT,,10.52,,,,,,
Monthly%20Summary%20for%20June%202023.pdf,,April-June,2023,30.29,MT,33.63,32.41,,,2.05,1.401,,
Monthly%20summary%20for%20March%202023.pdf,March,,2023,10.99,MT,11.34,10.81,,,0.812,0.429,,
Monthly%20summary%20for%20March%202023.pdf,,April-March,2023,119.17,MT,125.32,121.29,,,6.7,6.02,,
Monthly%20Summary%20for%20March-2024.pdf,March,,2024,12.14,MT,12.45,12.17,,,0.84,0.58,,
Monthly%20Summary%20for%20March-2024.pdf,February,,2024,11.63,MT,11.79,11.45,,,1.03,0.84,,
Monthly%20Summary%20for%20March-2024.pdf,,April-March,2024,135.9,MT,143.6,138.5,,,7.49,8.32,,
Monthly%20Summary%20for%20May%202022.pdf,May,,2022,9.45,MT,10.6,9.73,,,0.749,0.379,,
Monthly%20Summary%20for%20May%202022.pdf,,April-May,2022,18.52,MT,20.74,19.11,,,1.492,0.706,,
Monthly%20Summary%20for%20May%202023.pdf,May,,2023,10.36,MT,11.25,10.88,,,0.693,0.457,,
Monthly%20Summary%20for%20May%202023.pdf,,April-May,2023,20.31,MT,22.3,21.48,,,1.549,0.917,,
Monthly%20Summary%20for%20May-2024.pdf,May,,2024,11.97,million tonnes,12.53,12.13,,,4.3,5.5,,
Monthly%20Summary%20for%20May-2024.pdf,April,,2024,11.07,million tonnes,12.06,11.66,,,5.1,5.9,,
Monthly%20Summary%20for%20May-2024.pdf,,April-May,2024,23.04,million tonnes,24.59,23.79,,,9.4,11.4,,
Monthly%20summary%20for%20November%202022.pdf,November,,2022,9.66,million tonnes,10.34,9.55,,,3.38,6.0,,
Monthly%20summary%20for%20November%202022.pdf,,April-November,2022,75.34,million tonnes,81.9,77.72,,,42.99,37.51,,
Monthly%20Summary%20for%20November-2023.pdf,November,,2023,11.42,million tonnes,11.76,11.02,,,2.34,7.82,,
Monthly%20Summary%20for%20November-2023.pdf,,April-November,2023,86.97,million tonnes,94.01,88.81,,,40.32,42.53,,
Monthly%20summary%20for%20October%202022.pdf,October,,2022,10.07,million tonnes,10.24,9.85,,,3.6,5.93,,
Monthly%20summary%20for%20October%202022.pdf,,April-October,2022,65.5,million tonnes,71.29,67.9,,,39.61,31.51,,
Monthly%20Summary%20for%20October-2023.pdf,October,,2023,11.6,million tonnes,11.69,11.01,,,2.86,5.71,,
Monthly%20Summary%20for%20October-2023.pdf,,April-October,2023,75.66,million tonnes,81.75,77.3,,,34.7,35.22,,
Monthly%20summary%20for%20September%202022_0.pdf,September,,2022,9.31,MT,10.22,9.51,,,0.577,0.499,,
Monthly%20summary%20for%20September%202022_0.pdf,,April-September,2022,55.21,MT,61.45,57.84,,,3.601,2.558,,
Monthly%20Summary%20for%20September-2023.pdf,September,,2023,11.17,MT,11.48,10.93,,,0.157,0.381,,
Monthly%20Summary%20for%20September-2023.pdf,,April-September,2023,63.99,MT,69.65,66.1,,,3.232,2.899,,
Monthly%20Summary%20for%20September-2024%20%281%29.pdf,,April-September,2024,72.82,MT,72.83,70.87,,,2.31,4.7,,
Monthly%20Summary%20for%20September-2024%20%281%29.pdf,,April-September,2023,64.07,MT,70.23,67.42,,,3.6,3.33,,
Monthly%20Summary%20for%20the%20month%20of%20April%202021.pdf,April,,2021,6.7,MT,8.0,7.1,,,1.0,0.4,,
Monthly%20Summary%20for%20the%20month%20of%20August%202022.pdf,August,,2022,9.31,MT,10.26,9.74,,,0.454,0.442,,
Monthly%20Summary%20for%20the%20month%20of%20August%202022.pdf,,April-August,2022,45.82,MT,51.35,48.27,,,3.024,2.058,,
Monthly%20Summary%20for%20the%20month%20of%20February-2024.pdf,February,,2024,11.33,million tonnes,12.05,11.48,,,10.3,7.6,,7.6
Monthly%20Summary%20for%20the%20month%20of%20February-2024.pdf,January,,2024,11.88,million tonnes,12.51,11.99,,,8.5,7.7,,7.7
Monthly%20Summary%20for%20the%20month%20of%20February-2024.pdf,,April-February,2024,124,million tonnes,131,126,,,66.5,75.8,,75.8
Monthly%20Summary%20for%20the%20Month%20of%20January-2024.pdf,January,,2024,12.0,million tonnes,12.2,11.7,,,8.5,7.7,,7.7
Monthly%20Summary%20for%20the%20Month%20of%20January-2024.pdf,December,,2023,11.7,million tonnes,12.1,11.9,,,6.4,9.0,,9.0
Monthly%20Summary%20for%20the%20Month%20of%20January-2024.pdf,,April-January,2024,112,million tonnes,118,114,,,55.2,67.4,,67.4
Monthly%20Summary%20for%20the%20month%20of%20July-2024.pdf,July,,2024,12.3,million tonnes,12.34,11.78,,,2.9,7.5,,7.5
Monthly%20Summary%20for%20the%20month%20of%20July-2024.pdf,July,,2023,10.73,million tonnes,11.5,11.02,,,6.1,6.1,,6.1
Monthly%20Summary%20for%20the%20month%20of%20July-2024.pdf,,April-July,2024,47.75,million tonnes,48.88,46.66,,,15.7,26.9,,26.9
Monthly%20Summary%20for%20the%20month%20of%20July-2024.pdf,,April-July,2023,41.57,million tonnes,46.51,44.44,,,26.6,20.5,,20.5
Monthly%20Summary%20for%20the%20month%20of%20June%202021_0.pdf,June,,2021,8.15,million tonnes,9.29,8.7,,,1.37,0.4,,0.4
Monthly%20Summary%20for%20the%20month%20of%20June-2024.pdf,June,,2024,12.01,million tonnes,12.26,12.06,,,3.4,5.5,,5.5
Monthly%20Summary%20for%20the%20month%20of%20June-2024.pdf,May,,2024,12.13,million tonnes,12.22,11.92,,,4.3,7.2,,7.2
Monthly%20Summary%20for%20the%20month%20of%20June-2024.pdf,June,,2023,,,,,,,5.0,4.8,,4.8
Monthly%20Summary%20for%20the%20month%20of%20June-2024.pdf,,April-June,2024,35.42,million tonnes,36.61,35.77,,,12.8,18.6,,18.6
Monthly%20Summary%20for%20the%20month%20of%20June-2024.pdf,,April-June,2023,,,,,,,15.5,9.5,,9.5
Monthly%20Summary%20for%20the%20Month%20of%20March%202022.pdf,March,,2022,9.85,million tonnes,11.05,10.74,,,1.195,0.351,,
Monthly%20Summary%20for%20the%20Month%20of%20March%202022.pdf,,April-March,2022,105.41,million tonnes,120.11,113.25,,,13.494,4.669,,
Monthly%20Summary%20for%20the%20Month%20of%20March%202022.pdf,March,,2021,9.71,million tonnes,10.48,10.11,,,,,,
Monthly%20Summary%20for%20the%20Month%20of%20March%202022.pdf,March,,2020,6.21,million tonnes,8.09,7.2,,,,,,
Monthly%20Summary%20for%20the%20Month%20of%20March%202022.pdf,March,,2019,9.52,million tonnes,10.04,9.29,,,,,,
Monthly%20Summary%20for%20the%20month%20of%20May%202021.pdf,May,,2021,7.3,million tonnes,8.5,7.8,,,1.24,0.4,,
monthly%20summary%20for%20the%20month%20of%20November%202021.pdf,November,,2021,8.47,million tonnes,9.63,9.19,,,0.722,0.312,,
monthly%20summary%20for%20the%20month%20of%20November%202021.pdf,,April-November,2021,66.37,million tonnes,76.44,72.07,,,9.531,3.063,,
monthly%20summary%20for%20the%20month%20of%20November%202021.pdf,November,,2020,9.21,million tonnes,9.61,9.03,,,,,,
monthly%20summary%20for%20the%20month%20of%20November%202021.pdf,November,,2019,7.77,million tonnes,8.93,8.57,,,,,,
monthly%20summary%20for%20the%20month%20of%20November%202021.pdf,November,,2018,7.35,million tonnes,9.19,8.39,,,,,,
Monthly%20Summary%20for%20the%20month%20of%20October%202020.pdf,October,,2020,8.4,million tonnes,9.1,8.4,,,0.56,0.37,,
Monthly%20Summary%20for%20the%20month%20of%20October%202020.pdf,,April-October,2020,44.52,million tonnes,52.37,47.0,,,7.1,2.35,,
monthly%20summary%20for%20the%20month%20of%20October%202021.pdf,October,,2021,8.3,million tonnes,9.7,9.0,,,1.06,0.38,,
Monthly%20summary%20for%20upload%20to%20website.pdf,July,,2020,6.1,MT,7.5,6.8,,,1.38,0.29,,
monthly%20summary%20Jan%2C%2021-pdf_0.pdf,January,,2021,8.9,MT,10.0,9.0,,,0.52,0.58,,
monthly%20summary%20Jan%2C%2021-pdf_0.pdf,,April-January,2021,74.58,MT,82.71,76.04,,,8.84,3.79,,
Monthly%20Summary%20July%202018.pdf,July,,2018,7.56,MT,,10.18,,,0.52,0.76,,
Monthly%20Summary%20July%202018.pdf,June,,2018,8.27,MT,8.7,,,,,,,
Monthly%20Summary%20July%202018.pdf,May,,2018,8.34,MT,,,,,,,,
Monthly%20Summary%20July%202018.pdf,April,,2018,6.99,MT,,,,,,,,
Monthly%20Summary%20July%202018.pdf,,January-June,2018,,,52.94,,,,,,,
Monthly%20Summary%20June%202018.pdf,June,,2018,8.1,MT,,8.87,,,0.36,0.68,,
Monthly%20Summary%20June%202018.pdf,May,,2018,,,8.8,,,,,,,
monthly%20summary%20nov%2C%2020%20-pdf_compressed_0.pdf,November,,2020,8.4,MT,9.2,8.4,,,0.6,0.35,,
monthly%20summary%20nov%2C%2020%20-pdf_compressed_0.pdf,,April-November,2020,53.38,MT,62.01,55.68,,,7.7,2.7,,
Monthly%20Summary%20November%202018.pdf,November,,2018,7.505,million tonnes,,10.877,,,586,686,,
Monthly%20Summary%20November%202018.pdf,November,,2017,6.78,million tonnes,,10.501,,,1013,614,,
Monthly%20Summary%20November%202018.pdf,,April-November,2018,63.497,million tonnes,,85.925,,,4325,5406,,
Monthly%20Summary%20November%202018.pdf,,April-November,2017,58.68,million tonnes,,82.231,,,6640,5534,,
Monthly%20Summary%20November%202018.pdf,October,,2018,,,8.77,,,,,,,
Monthly%20Summary%20November%202018.pdf,October,,2017,,,8.736,,,,,,,
Monthly%20Summary%20November%202018.pdf,,January-October,2018,,,88.433,,,,,,,
Monthly%20Summary%20November%202018.pdf,,January-October,2017,,,83.785,,,,,,,
Monthly%20Summary%20November%202018.pdf,,April-October,2018,,,,,,,4983.65,5394.99,,
Monthly%20Summary%20November%202018.pdf,,April-October,2017,,,,,,,6507.57,5473.66,,
Monthly%20Summary%20October%202018.pdf,October,,2018,8.315,million tonnes,,11.029,,,0.6,0.71,,
Monthly%20Summary%20October%202018.pdf,October,,2017,7.672,million tonnes,,10.398,,,0.78,0.6,,
Monthly%20Summary%20October%202018.pdf,,April-October,2018,56.006,million tonnes,,75.031,,,3.74,4.71,,
Monthly%20Summary%20October%202018.pdf,,April-October,2017,51.9,million tonnes,,71.73,,,5.63,4.92,,
Monthly%20Summary%20October%202018.pdf,September,,2018,,,8.52,,,,,,,
Monthly%20Summary%20October%202018.pdf,September,,2017,,,8.345,,,,,,,
Monthly%20Summary%20October%202018.pdf,,January-September,2018,,,79.66,,,,,,,
Monthly%20Summary%20October%202018.pdf,,January-September,2017,,,75.048,,,,,,,
Monthly%20Summary%20October%202018.pdf,,April-September,2018,,,,,,,4232,4554,,
Monthly%20Summary%20October%202018.pdf,,April-September,2017,,,,,,,5452,4818,,
monthly%20summary%20sept%2C%2020-%20pdf.pdf,,April-September,2020,35.6,million tonnes,42.89,38.33,,,6.54,1.98,,
monthly%20summary%20sept%2C%2020-%20pdf.pdf,,April-September,2019,50.99,million tonnes,55.0,51.56,,,3.94,4.02,,
monthly%20summary%20sept%2C%2020-%20pdf.pdf,,April-June,2020,12.19,million tonnes,17.25,14.02,,,3.27,1.21,,
monthly%20summary%20sept%2C%2020-%20pdf.pdf,,April-June,2019,24.77,million tonnes,27.88,26.62,,,1.33,1.8,,
monthly%20summary%20sept%2C%2020-%20pdf.pdf,,July-September,2020,23.41,million tonnes,25.64,24.3,,,3.28,0.77,,
monthly%20summary%20sept%2C%2020-%20pdf.pdf,,July-September,2019,26.22,million tonnes,27.12,24.94,,,2.6,2.22,,
monthlySummary_May2018.pdf,May,,2018,8.33,MT,,9.4,,,0.43,0.62,,
monthlySummary_May2018.pdf,May,,2017,7.67,MT,,8.82,,,0.64,0.56,,
monthlySummary_May2018.pdf,April,,2018,,,8.7,,,,,,,
November%202019.pdf,November,,2019,7.411,million tonnes,8.923,7.801,,,0.867,0.429,,
November%202019.pdf,October,,2019,8.549,million tonnes,9.089,8.243,,,0.95,0.629,,
November%202019.pdf,,April-November,2019,66.461,million tonnes,73.174,67.527,,,5753,5077,,
November%202019.pdf,,April-November,2018,64.176,million tonnes,72.51,66.252,,,4308,5361,,
November%202019.pdf,October,,2018,,,9.408,,,,,,,
November%202019.pdf,,January-October,2019,,,93.306,,,,,,,
November%202019.pdf,,January-October,2018,,,90.724,,,,,,,
November%202019.pdf,November,,2018,,,,,,,482,681,,
November%202019.pdf,April,,2019,7.506,million tonnes,,10.523,,,0.397,0.586,,
November%202019.pdf,May,,2019,8.824,million tonnes,,11.387,,,0.318,0.535,,
November%202019.pdf,June,,2019,8.72,million tonnes,,8.798,,,0.299,0.604,,
November%202019.pdf,July,,2019,8.853,million tonnes,,8.45,,,0.46,0.772,,
November%202019.pdf,August,,2019,8.81,million tonnes,,8.377,,,0.983,0.856,,
November%202019.pdf,September,,2019,8.08,million tonnes,,8.087,,,1.019,0.565,,
October%202019.pdf,October,,2019,8.394,million tonnes,8.967,8.186,,,0.95,0.63,,
October%202019.pdf,September,,2019,8.08,million tonnes,8.96,8.087,,,1.019,0.565,,
October%202019.pdf,,April-October,2019,59.231,million tonnes,64.102,60.006,,,4.885,4.648,,
October%202019.pdf,,April-October,2018,56.823,million tonnes,63.318,57.863,,,3.826,4.68,,
September%2018_0.pdf,September,,2018,8.22,million tonnes,,10.5,,,0.57,0.67,,
September%2018_0.pdf,August,,2018,,million tonnes,8.839,,,,,,,
September%2018_0.pdf,,January-August,2018,,million tonnes,71.14,,,,,,,
September%2018_0.pdf,,April-September,2018,,million tonnes,,63.76,,,,,,
September%2018_0.pdf,September,,2017,,million tonnes,,10.28,,,1.12,0.81,,
September%202019.pdf,September,,2019,8.346,million tonnes,8.417,8.158,,,1.019,0.565,,
September%202019.pdf,August,,2019,8.81,million tonnes,8.88,8.377,,,0.983,0.856,,
September%202019.pdf,,April-September,2019,50.87,million tonnes,54.591,51.658,,,3.936,4.018,,
September%202019.pdf,,April-September,2018,48.447,million tonnes,53.91,49.242,,,3.232,4.001,,
September%202019.pdf,September,,2018,,million tonnes,,,,,0.59,0.675,,
Summary%20for%20Aug%2020_0.pdf,August,,2020,7.5,million tonnes,8.5,7.9,,,,,,
Summary%20for%20Aug%2020_0.pdf,July,,2020,6.0,million tonnes,7.6,6.7,,,,,,
Summary%20for%20Aug%2020_0.pdf,June,,2020,5.4,million tonnes,6.9,6.0,,,,,,
Summary%20for%20Aug%2020_0.pdf,May,,2020,3.0,million tonnes,5.3,3.6,,,,,,
Summary%20for%20Aug%2020_0.pdf,April,,2020,1.0,million tonnes,3.15,1.5,,,,,,
summary%20for%20the%20month%20of%20july%202021_0.pdf,July,,2021,8.3,million tonnes,9.8,9.1,,,1.5,0.4,,
summary%20for%20the%20month%20of%20july%202021_0.pdf,,April-July,2021,,million tonnes,,,,,,,,
Updated%20Monthly%20Economic%20Report-August%2025.pdf,,April-August,2025,65.41,million tonnes,68.34,65.14,,,2.23,2.5,,2.5
Updated%20Monthly%20Economic%20Report-August%2025.pdf,,April-August,2024,60.43,million tonnes,61.24,59.09,,,1.92,3.72,,3.72
Updated%20Monthly%20Economic%20Report-August%2025.pdf,,April-August,2023,52.95,million tonnes,58.48,55.91,,,3.17,2.78,,2.78
Updated%20Monthly%20Economic%20Report-August%2025.pdf,,April-August,2022,46.28,million tonnes,51.22,48.66,,,3.02,2.06,,2.06
Updated%20Monthly%20Economic%20Report-August%2025.pdf,August,,2025,,million tonnes,,,,,0.53,0.67,,0.67
Updated%20Monthly%20Economic%20Report-August%2025.pdf,July,,2025,,million tonnes,14.0,,,,0.49,0.45,,0.45
Updated%20Monthly%20Economic%20Report-August%2025.pdf,August,,2024,,million tonnes,,,,,0.34,0.96,,0.96
Updated%20Monthly%20Economic%20Report-August%2025.pdf,June,,2025,,million tonnes,13.48,,,,,,,
Updated%20Monthly%20Economic%20Report-August%2025.pdf,July,,2024,,million tonnes,12.28,,,,,,,
