period_month,period_year,consumption_value,derived_from
December,2021,9.48,monthly%20summary%20for%20the%20month%20of%20November%202021.pdf | approved%20monthly%20summary%20Dec%2021.pdf
January,2022,10.45,approved%20monthly%20summary%20Dec%2021.pdf | Final%20Monthly%20Summary%20for%20January%202022_0.pdf
February,2022,9.1,Monthly%20Economic%20report%20January%202025_0.pdf | Monthly%20Economic%20report-February%202025_0.pdf
March,2022,9.77,monthly%20summary%20for%20Feb%2C%2022_0.pdf | Monthly%20Economic%20report%20January%202025_0.pdf
July,2018,7.875,June%202019.pdf | July%202019.pdf
October,2018,7.559,September%202019.pdf | Monthly%20Summary%20October%202018.pdf
November,2018,6.674,October%202019.pdf | Monthly%20Summary%20November%202018.pdf
December,2018,7.686,November%202019.pdf | December%202018_5.pdf
January,2019,7.633,December%202019.pdf | January%202019.pdf
February,2019,7.304,January%202020.pdf | February%202019.pdf
March,2019,8.325,February%202020.pdf | March%202019.pdf
November,2017,6.78,Monthly%20Summary%20October%202018.pdf | Monthly%20Summary%20November%202018.pdf
December,2017,7.621,Monthly%20Summary%20November%202018.pdf | December%202018_5.pdf
January,2018,7.896,December%202018_5.pdf | January%202019.pdf
February,2018,7.815,January%202019.pdf | February%202019.pdf
March,2018,8.696,February%202019.pdf | March%202019.pdf
June,2019,9.901,May%202019_0.pdf | June%202019.pdf
July,2019,8.488,monthly%20summary%20sept%2C%2020-%20pdf.pdf | July%202019.pdf
October,2019,8.361,September%202019.pdf | October%202019.pdf
November,2019,7.23,October%202019.pdf | November%202019.pdf
December,2019,8.37,November%202019.pdf | December%202019.pdf
January,2020,9.006,December%202019.pdf | January%202020.pdf
February,2020,8.766,January%202020.pdf | February%202020.pdf
March,2020,7.402,February%202020.pdf | March%202020_0.pdf
June,2022,9.17,Monthly%20Summary%20for%20May%202022.pdf | Final%20monthly%20summary%20for%20June%2C%2022.pdf
July,2022,9.18,Monthly%20Economic%20Report-June%202025.pdf | Monthly%20Economic%20Report-July%202025.pdf
August,2022,9.29,Monthly%20summary%20for%20July%202022.pdf | Monthly%20Summary%20for%20the%20month%20of%20August%202022.pdf
September,2022,9.47,Updated%20Monthly%20Economic%20Report-August%2025.pdf | Monthly%20Economic%20Report-September%202025.pdf
October,2022,10.73,Monthly%20summary%20for%20September%202022_0.pdf | Monthly%20Economic%20Report-October%202025.pdf
November,2022,10.26,Monthly%20summary%20for%20October%202022.pdf | Monthly%20Economic%20Report-%20November%202025%20%283%29.docx_.pdf
December,2022,10.19,Monthly%20summary%20for%20November%202022.pdf | Monthly%20summary%20for%20December%202022.pdf
January,2023,12.77,Monthly%20summary%20for%20December%202022.pdf | Monthly%20Economic%20report%20January%202025_0.pdf
February,2023,12.32,Monthly%20summary%20for%20January%202023.pdf | Monthly%20Economic%20Report%20for%20the%20month%20of%20February%202026.pdf
March,2023,12.7,Monthly%20summary%20for%20February%202023.pdf | Monthly%20Economic%20report%20January%202025_0.pdf
October,2020,8.92,monthly%20summary%20sept%2C%2020-%20pdf.pdf | Monthly%20Summary%20for%20the%20month%20of%20October%202020.pdf
November,2020,8.86,Monthly%20Summary%20for%20the%20month%20of%20October%202020.pdf | monthly%20summary%20nov%2C%2020%20-pdf_compressed_0.pdf
December,2020,10.08,monthly%20summary%20nov%2C%2020%20-pdf_compressed_0.pdf | monthly%20summary%20dec%2C%2020_0.pdf
January,2021,11.12,monthly%20summary%20dec%2C%2020_0.pdf | monthly%20summary%20Jan%2C%2021-pdf_0.pdf
February,2021,9.49,monthly%20summary%20Jan%2C%2021-pdf_0.pdf | monthly%20summary%20feb%202021.pdf
March,2021,9.36,monthly%20summary%20feb%202021.pdf | final%20Monthly%20summary%20Mar%2721_2.pdf
June,2026,14.21,Monthly%20Economic%20Report%20for%20the%20month%20of%20May%2C%202026.pdf | Monthly%20Economic%20Report-%20June%202026%20%281%29.pdf
June,2025,13.23,Monthly%20Economic%20Report%20May%202025.pdf | Monthly%20Economic%20Report-June%202025.pdf
July,2025,13.11,Monthly%20Economic%20Report-June%202025.pdf | Monthly%20Economic%20Report-July%202025.pdf
August,2025,13.96,Monthly%20Economic%20Report-July%202025.pdf | Updated%20Monthly%20Economic%20Report-August%2025.pdf
September,2025,13.47,Updated%20Monthly%20Economic%20Report-August%2025.pdf | Monthly%20Economic%20Report-September%202025.pdf
October,2025,13.62,Monthly%20Economic%20Report-September%202025.pdf | Monthly%20Economic%20Report-October%202025.pdf
November,2025,12.67,Monthly%20Economic%20Report-October%202025.pdf | Monthly%20Economic%20Report-%20November%202025%20%283%29.docx_.pdf
December,2025,6.56,Monthly%20Economic%20Report-%20November%202025%20%283%29.docx_.pdf | Monthly%20Ecomnomic%20Report%20for%20the%20month%20of%20Dec%202025.pdf
February,2026,14.02,Monthly%20Economic%20Report-%20January%202026%20%286%29.pdf | Monthly%20Economic%20Report%20for%20the%20month%20of%20February%202026.pdf
March,2026,15.98,Monthly%20Economic%20Report%20for%20the%20month%20of%20February%202026.pdf | Monthly%20Economic%20Report-%20March%202026%20%285%29.pdf
June,2024,12.5,Monthly%20Summary%20for%20May-2024.pdf | Monthly%20Economic%20Report-June%202025.pdf
July,2024,12.43,Monthly%20Summary%20for%20the%20month%20of%20June-2024.pdf | Monthly%20Economic%20Report-July%202025.pdf
August,2024,12.51,Monthly%20Summary%20for%20the%20month%20of%20July-2024.pdf | Monthly%20Summary%20for%20August-2024.pdf
September,2024,12.37,Updated%20Monthly%20Economic%20Report-August%2025.pdf | Monthly%20Economic%20Report-September%202025.pdf
October,2024,13.01,Monthly%20Summary%20for%20September-2024%20%281%29.pdf | Monthly%20Economic%20Report-October%202025.pdf
November,2024,12.11,Monthly%20Economic%20Report-October%202025.pdf | Monthly%20Economic%20Report-%20November%202025%20%283%29.docx_.pdf
December,2024,2.14,Monthly%20Economic%20Report-%20November%202025%20%283%29.docx_.pdf | Monthly%20Ecomnomic%20Report%20for%20the%20month%20of%20Dec%202025.pdf
February,2025,13.05,Monthly%20Economic%20report%20January%202025_0.pdf | Monthly%20Economic%20Report%20for%20the%20month%20of%20February%202026.pdf
March,2025,12.384,Monthly%20Economic%20report-February%202025_0.pdf | Monthly%20economic%20report%20March%2025.pdf
June,2023,10.52,Monthly%20Summary%20for%20May%202023.pdf | Monthly%20Economic%20Report-June%202025.pdf
July,2023,11.28,Monthly%20Summary%20for%20June%202023.pdf | Monthly%20Economic%20Report-July%202025.pdf
August,2023,10.79,Monthly%20Summary%20for%20the%20month%20of%20July-2024.pdf | Monthly%20Summary%20for%20August-2023.pdf
September,2023,11.12,Updated%20Monthly%20Economic%20Report-August%2025.pdf | Monthly%20Economic%20Report-September%202025.pdf
October,2023,11.94,Monthly%20Summary%20for%20September-2024%20%281%29.pdf | Monthly%20Economic%20Report-October%202025.pdf
November,2023,11.61,Monthly%20Summary%20for%20October-2023.pdf | Monthly%20Economic%20Report-%20November%202025%20%283%29.docx_.pdf
January,2024,13.24,Monthly%20Summary%20for%20December-2023.pdf | Monthly%20Economic%20report%20January%202025_0.pdf
February,2024,11.81,Monthly%20Summary%20for%20the%20Month%20of%20January-2024.pdf | Monthly%20Economic%20Report%20for%20the%20month%20of%20February%202026.pdf
March,2024,12.3,Monthly%20Summary%20for%20the%20month%20of%20February-2024.pdf | Monthly%20Economic%20report%20January%202025_0.pdf
