period_month,cumulative_months,period_year,consumption_value,consumption_unit,crude_steel_production,finished_steel_production,crude_steel_export,crude_steel_import,finished_steel_export,finished_steel_import,coal_imports,steel_imports,source_file
,April-November,2019,66.461,million tonnes,73.174,67.527,,,5.753,5.077,,,November%202019.pdf
,April-October,2018,56.006,million tonnes,,75.031,,,3.74,4.71,,,Monthly%20Summary%20October%202018.pdf
,January-September,2018,,,79.66,,,,,,,,Monthly%20Summary%20October%202018.pdf
,April-February,2022,96.03,million tonnes,108.99,102.98,,,12.299,4.318,,,monthly%20summary%20for%20Feb%2C%2022_0.pdf
,April-March,2019,97.515,million tonnes,106.366,131.718,,,6.362,7.837,,,March%202019.pdf
,April-March,2024,135.9,MT,143.6,138.5,,,7.49,8.32,,,Monthly%20Summary%20for%20March-2024.pdf
,January-June,2018,,,52.94,,,,,,,,Monthly%20Summary%20July%202018.pdf
,April-September,2023,63.99,MT,69.65,66.1,,,3.232,2.899,,,Monthly%20Summary%20for%20September-2023.pdf
,April-February,2019,88.12,million tonnes,97.15,119.644,,,5.769,7.129,,,February%202019.pdf
,April-July,2025,51.45,million tonnes,54.19,51.46,,,1.7,1.67,,,Monthly%20Economic%20Report-July%202025.pdf
,April-September,2020,35.60,MT,42.89,38.33,,,6.54,1.98,,,monthly%20summary%20sept%2C%2020-%20pdf.pdf
,April-March,2021,93.43,MT,102.49,94.66,,,10.79,4.75,,,final%20Monthly%20summary%20Mar%2721_2.pdf
,April-March,2019,,,106.564,,,,,,,,April%202019_0.pdf
,April-March,2018,,,103.131,,,,,,,,April%202019_0.pdf
,April-February,2019,,,,,,,,,,,April%202019_0.pdf
,April-October,2025,92.50,Million Tonne,96.08,91.89,,,3.45,3.80,,3.80,Monthly%20Economic%20Report-October%202025.pdf
,April-October,2024,85.83,Million Tonne,86.03,82.94,,,2.75,5.77,,5.77,Monthly%20Economic%20Report-October%202025.pdf
,April-October,2023,76.01,Million Tonne,82.47,79.14,,,3.90,4.06,,4.06,Monthly%20Economic%20Report-October%202025.pdf
,April-October,2022,65.94,Million Tonne,71.53,68.43,,,3.96,3.15,,3.15,Monthly%20Economic%20Report-October%202025.pdf
,April-June,2025,38.34,Million Tonne,40.31,38.57,,,1.21,1.41,,1.41,Monthly%20Economic%20Report-June%202025.pdf
,April-June,2024,35.54,Million Tonne,36.51,35.51,,,1.28,1.94,,1.94,Monthly%20Economic%20Report-June%202025.pdf
,April-June,2023,30.83,Million Tonne,35.01,33.43,,,2.05,1.44,,1.44,Monthly%20Economic%20Report-June%202025.pdf
,April-June,2022,27.50,Million Tonne,31.03,29.03,,,2.19,1.17,,1.17,Monthly%20Economic%20Report-June%202025.pdf
,January-October,2018,,,88.433,,,,,,,,Monthly%20Summary%20November%202018.pdf
,January-October,2017,,,83.785,,,,,,,,Monthly%20Summary%20November%202018.pdf
,April-November,2018,63.497,million tonne,,85.925,,,4.325,5.406,,,Monthly%20Summary%20November%202018.pdf
,April-November,2017,58.680,million tonne,,82.231,,,6.640,5.534,,,Monthly%20Summary%20November%202018.pdf
,April-March,2025,150.2,Million Tonne,151.1,145.3,,,4.858,9.532,,9.532,Monthly%20economic%20report%20March%2025.pdf
,April-March,2024,136.3,Million Tonne,144.3,139.2,,,7.5,8.3,,8.3,Monthly%20economic%20report%20March%2025.pdf
,April-March,2023,119.9,Million Tonne,127.2,123.2,,,6.7,6,,6,Monthly%20economic%20report%20March%2025.pdf
,April-March,2022,105.8,Million Tonne,120.3,113.6,,,13.5,4.7,,4.7,Monthly%20economic%20report%20March%2025.pdf
,April-December,2025,119.30,Million Tonne,123.87,117.64,,,4.80,4.65,,4.65,Monthly%20Ecomnomic%20Report%20for%20the%20month%20of%20Dec%202025.pdf
,April-December,2024,111.73,Million Tonne,111.84,107.43,,,3.60,7.42,,7.42,Monthly%20Ecomnomic%20Report%20for%20the%20month%20of%20Dec%202025.pdf
,April-December,2023,100.08,Million Tonne,106.72,102.67,,,4.77,6.05,,6.05,Monthly%20Ecomnomic%20Report%20for%20the%20month%20of%20Dec%202025.pdf
,April-December,2022,87.14,Million Tonne,93.16,89.56,,,4.74,4.40,,4.40,Monthly%20Ecomnomic%20Report%20for%20the%20month%20of%20Dec%202025.pdf
,April-June,2024,35.42,million tonnes,36.61,35.77,,,1.28,1.86,,,Monthly%20Summary%20for%20the%20month%20of%20June-2024.pdf
,April-June,2023,,,,,,,1.55,0.95,,,Monthly%20Summary%20for%20the%20month%20of%20June-2024.pdf
,January-May,2024,,,61.9,,,,,,,,Monthly%20Summary%20for%20the%20month%20of%20June-2024.pdf
,January-May,2023,,,57.4,,,,,,,,Monthly%20Summary%20for%20the%20month%20of%20June-2024.pdf
,April-May,2019,16.286,million tonnes,18.020,21.371,,,0.715,1.121,,,May%202019_0.pdf
,April-October,2023,75.66,million tonnes,81.75,77.30,,,3.522,3.470,,,Monthly%20Summary%20for%20October-2023.pdf
,April-February,2026,147.7,million tonnes,153.6,146.8,,,6.02,5.62,,,Monthly%20Economic%20Report%20for%20the%20month%20of%20February%202026.pdf
,April-January,2026,133.7,million tonnes,138.8,132.3,,,5.48,4.90,,,Monthly%20Economic%20Report-%20January%202026%20%286%29.pdf
,April-December,2018,71.862,million tonnes,,97.358,,,4.675,5.908,,,December%202018_5.pdf
,April-May,2022,18.52,million tonnes,20.74,19.11,,,1.492,0.706,,,Monthly%20Summary%20for%20May%202022.pdf
,April-January,2024,112,million tonnes,118,114,,,5.52,6.74,,,Monthly%20Summary%20for%20the%20Month%20of%20January-2024.pdf
,April-August,2020,,,,,,,,,,,Summary%20for%20Aug%2020_0.pdf
,April-July,2023,40.62,million tonnes,45.39,43.01,,,25.63,19.89,,,Monthly%20Summary%20for%20July%202023.pdf
,April-February,2021,84.07,MT,93.11,85.42,,,9.49,4.25,,,monthly%20summary%20feb%202021.pdf
,April-May,2025,25.11,million tonnes,26.41,25.61,,,0.77,0.95,,,Monthly%20Economic%20Report%20May%202025.pdf
,April-May,2024,24.3,million tonnes,24.6,23.9,,,0.94,1.31,,,Monthly%20Economic%20Report%20May%202025.pdf
,April-May,2023,20.8,million tonnes,23.4,22.4,,,1.55,0.95,,,Monthly%20Economic%20Report%20May%202025.pdf
,April-May,2022,18.8,million tonnes,21.1,19.6,,,1.55,0.72,,,Monthly%20Economic%20Report%20May%202025.pdf
,April-January,2019,79.962,million tonne,,109.183,,,5.149,6.548,,,January%202019.pdf
,April-January,2018,74.197,million tonne,,104.562,,,8.218,6.452,,,January%202019.pdf
,April-February,2023,107.20,million tonnes,113.44,109.35,,,59.04,55.92,,,Monthly%20summary%20for%20February%202023.pdf
,April-November,2023,86.97,MT,94.01,88.81,,,40.32,42.53,,,Monthly%20Summary%20for%20November-2023.pdf
,April-June,2021,,,,,,,,,,,Monthly%20Summary%20for%20the%20month%20of%20June%202021_0.pdf
,April-March,2020,100.005,Million Tonnes,108.500,101.032,,,8.235,6.685,,,March%202020_0.pdf
,April-March,2019,98.708,Million Tonnes,110.921,101.287,,,6.361,7.835,,,March%202020_0.pdf
,April-October,2021,,,,,,,,,,,monthly%20summary%20for%20the%20month%20of%20October%202021.pdf
,April-September,2022,55.21,MT,61.45,57.84,,,36.01,25.58,,,Monthly%20summary%20for%20September%202022_0.pdf
,April-February,2020,92.603,Million Tonnes,100.786,94.014,,,7.783,6.392,,,February%202020.pdf
,April-June,2026,41.57,million tonnes,42.06,40.99,,,1.59,2.06,,,Monthly%20Economic%20Report-%20June%202026%20%281%29.pdf
,April-June,2025,38.40,Million Tonne,40.84,38.69,,,1.21,1.38,,,Monthly%20Economic%20Report-%20June%202026%20%281%29.pdf
,April-June,2024,35.54,Million Tonne,36.51,35.51,,,1.28,1.94,,,Monthly%20Economic%20Report-%20June%202026%20%281%29.pdf
,April-June,2023,30.83,Million Tonne,35.01,33.43,,,2.05,1.44,,,Monthly%20Economic%20Report-%20June%202026%20%281%29.pdf
,April-September,2019,50.87,MT,54.591,51.658,,,3.936,4.018,,,September%202019.pdf
,April-August,2018,,,,52.80,,,,,,,August%202018.pdf
,April-November,2022,75.34,MT,81.90,77.72,,,42.99,37.51,,,Monthly%20summary%20for%20November%202022.pdf
,April-June,2023,30.29,million tonnes,33.63,32.41,,,20.50,14.01,,,Monthly%20Summary%20for%20June%202023.pdf
,January-May,2023,,,563.93,,,,,,,,Monthly%20Summary%20for%20June%202023.pdf
,April-May,2020,4.013,million tonnes,8.457,5.153,,,,,,,May%202020.pdf
,April-May,2019,16.410,million tonnes,18.489,17.794,,,,,,,May%202020.pdf
,January-April,2019,,,38.075,,,,,,,,May%202020.pdf
,January-April,2020,,,30.055,,,,,,,,May%202020.pdf
,April-August,2022,45.82,MT,51.35,48.27,,,30.24,20.58,,,Monthly%20Summary%20for%20the%20month%20of%20August%202022.pdf
,April-May,2023,20.31,million tonnes,22.30,21.48,,,15.49,9.17,,,Monthly%20Summary%20for%20May%202023.pdf
,April-August,2025,65.41,million tonnes,68.34,65.14,,,2.23,2.50,,,Updated%20Monthly%20Economic%20Report-August%2025.pdf
,April-August,2022,46.28,Million Tonne,51.22,48.66,,,3.02,2.06,,,Updated%20Monthly%20Economic%20Report-August%2025.pdf
,April-August,2023,52.95,Million Tonne,58.48,55.91,,,3.17,2.78,,,Updated%20Monthly%20Economic%20Report-August%2025.pdf
,April-August,2024,60.43,Million Tonne,61.24,59.09,,,1.92,3.72,,,Updated%20Monthly%20Economic%20Report-August%2025.pdf
,April-March,2023,,,,,,,67.2,60.2,,,Monthly%20Summary%20for%20April-2024.pdf
,April-March,2024,,,,,,,74.9,83.2,,,Monthly%20Summary%20for%20April-2024.pdf
,April-January,2023,96.38,MT,103.18,98.26,,,53.29,50.00,,,Monthly%20summary%20for%20January%202023.pdf
,April-December,2021,75.85,MT,87.07,82.21,,,103.29,34.57,,,approved%20monthly%20summary%20Dec%2021.pdf
,April-September,2024,72.82,MT,72.83,70.87,,,3.60,,,,Monthly%20Summary%20for%20September-2024%20%281%29.pdf
,April-December,2022,85.53,MT,92.46,87.87,,,47.41,44.04,,,Monthly%20summary%20for%20December%202022.pdf
,April-May,2026,27.36,Million Tonne,28.04,27.36,,,0.98,1.37,,,Monthly%20Economic%20Report%20for%20the%20month%20of%20May%2C%202026.pdf
,April-September,2025,78.88,Million Tonne,82.31,78.56,,,2.81,3.34,,,Monthly%20Economic%20Report-September%202025.pdf
,April-January,2020,83.837,million tonnes,91.521,84.902,,,7.213,5.991,,,January%202020.pdf
,April-October,2022,65.50,million tonnes,71.29,67.90,,,39.61,31.51,,,Monthly%20summary%20for%20October%202022.pdf
,April-January,2021,74.58,million tonnes,82.71,76.04,,,8.84,3.79,,,monthly%20summary%20Jan%2C%2021-pdf_0.pdf
,April-November,2025,105.17,million tonnes,109.49,104.83,,,4.18,4.19,,,Monthly%20Economic%20Report-%20November%202025%20%283%29.docx_.pdf
,April-November,2024,97.94,million tonnes,98.41,94.61,,,3.15,6.58,,,Monthly%20Economic%20Report-%20November%202025%20%283%29.docx_.pdf
,April-November,2023,87.27,million tonnes,94.32,90.49,,,4.13,5.15,,,Monthly%20Economic%20Report-%20November%202025%20%283%29.docx_.pdf
,April-November,2022,75.76,million tonnes,82.07,78.50,,,4.30,3.75,,,Monthly%20Economic%20Report-%20November%202025%20%283%29.docx_.pdf
,April-August,2024,60.26,million tonnes,61.08,58.87,,,1.92,3.45,,,Monthly%20Summary%20for%20August-2024.pdf
,April-August,2023,52.95,million tonnes,58.48,55.91,,,3.17,2.78,,,Monthly%20Summary%20for%20August-2024.pdf
,April-March,2026,163.74,million tonnes,168.42,160.94,,,6.60,6.52,,,Monthly%20Economic%20Report-%20March%202026%20%285%29.pdf
,April-March,2025,152.13,million tonnes,152.18,146.69,,,4.86,9.55,,,Monthly%20Economic%20Report-%20March%202026%20%285%29.pdf
,April-March,2024,136.29,million tonnes,144.30,139.15,,,7.49,8.32,,,Monthly%20Economic%20Report-%20March%202026%20%285%29.pdf
,April-March,2023,119.89,million tonnes,127.20,123.20,,,6.72,6.02,,,Monthly%20Economic%20Report-%20March%202026%20%285%29.pdf
,April-July,2021,,,,,,,,,,,summary%20for%20the%20month%20of%20july%202021_0.pdf
,April-October,2020,44.52,MT,52.37,47.0,,,7.10,2.35,,,Monthly%20Summary%20for%20the%20month%20of%20October%202020.pdf
,April-December,2020,63.46,MT,71.94,64.45,,,8.31,3.21,,,monthly%20summary%20dec%2C%2020_0.pdf
,April-December,2023,99.36,MT,106.08,101.29,,,46.8,55.7,,,Monthly%20Summary%20for%20December-2023.pdf
,April-November,2021,66.37,MT,76.44,72.07,,,95.31,30.63,,,monthly%20summary%20for%20the%20month%20of%20November%202021.pdf
,April-May,2024,23.04,MT,24.59,23.79,,,9.4,11.4,,,Monthly%20Summary%20for%20May-2024.pdf
,April-July,2019,33.258,Million Tonnes,36.847,34.156,,,1.475,2.496,,,July%202019.pdf
,April-November,2020,53.38,MT,62.01,55.68,,,7.70,2.70,,,monthly%20summary%20nov%2C%2020%20-pdf_compressed_0.pdf
,April-December,2019,74.831,Million Tonnes,81.914,75.907,,,6.520,5.514,,,December%202019.pdf
,April-August,2023,52.36,million tonnes,57.26,54.48,,,30.43,25.18,,,Monthly%20Summary%20for%20August-2023.pdf
,April-June,2022,27.69,million tonne,31.39,29.16,,,21.91,11.72,,,Final%20monthly%20summary%20for%20June%2C%2022.pdf
,April-October,2019,59.231,Million Tonnes,64.102,60.006,,,4.885,4.648,,,October%202019.pdf
,April-July,2022,36.53,million tonne,40.95,38.55,,,25.70,16.16,,,Monthly%20summary%20for%20July%202022.pdf
,April-June,2019,25.187,Million Tonnes,27.728,34.131,,,1.015,1.724,,,June%202019.pdf
,April-June,2018,23.584,Million Tonnes,26.824,33.516,,,1.397,1.897,,,June%202019.pdf
,April-March,2023,119.17,million tonnes,125.32,121.29,,,6.7,6.02,,,Monthly%20summary%20for%20March%202023.pdf
,April-February,2025,137.85,million tonnes,137.96,132.57,,,44.04,89.76,,,Monthly%20Economic%20report-February%202025_0.pdf
,April-February,2024,123.8,million tonnes,131.4,126.6,,,66.45,77.49,,,Monthly%20Economic%20report-February%202025_0.pdf
,April-July,2024,47.75,million tonnes,48.88,46.66,,,15.7,26.9,,,Monthly%20Summary%20for%20the%20month%20of%20July-2024.pdf
,April-July,2023,41.57,million tonnes,46.51,44.44,,,26.6,20.5,,,Monthly%20Summary%20for%20the%20month%20of%20July-2024.pdf
,January-August,2018,,,71.14,,,,,,,,September%2018_0.pdf
,April-September,2018,,,,63.76,,,,,,,September%2018_0.pdf
,April-February,2024,124,million tonnes,131,126,,,66.5,75.8,,,Monthly%20Summary%20for%20the%20month%20of%20February-2024.pdf
,April-August,2021,,,,,,,,,,,monthly%20summary%20august%2021.pdf
,April-March,2022,105.41,MT,120.11,113.25,,,134.94,46.69,,,Monthly%20Summary%20for%20the%20Month%20of%20March%202022.pdf
,April-January,2022,86.30,MT,98.39,92.82,,,111.42,39.07,,,Final%20Monthly%20Summary%20for%20January%202022_0.pdf
