period_month,cumulative_months,period_year,consumption_value,consumption_unit,crude_steel_production,finished_steel_production,crude_steel_export,crude_steel_import,finished_steel_export,finished_steel_import,coal_imports,steel_imports,source_file,lag_1,lag_2,lag_3,rolling_mean_3,rolling_std_3,rolling_mean_6,rolling_std_6,rolling_mean_9,rolling_std_9,rolling_mean_12,rolling_std_12,month_number
December,,2018,8.339,million tonnes,9.011,11.422,,,0.367,0.548,,,April%202019_0.pdf|December%202018_5.pdf|January%202019.pdf,7.505,8.315,8.22,8.052999999999999,0.4747336095116934,8.0465,0.4009482510249937,7.974,0.4801687203473386,7.826833333333333,0.5444226021180328,12
January,,2019,8.411,million tonne,9.18,11.585,,,0.475,0.638,,,February%202019.pdf|April%202019_0.pdf|January%202019.pdf,8.339,7.505,8.315,8.084999999999999,0.5035831609575534,8.188333333333334,0.3403748913575556,8.125555555555557,0.3481045500676177,7.904416666666666,0.5567015616898151,1
February,,2019,8.486,million tonnes,8.914,11.188,,,0.619,0.582,,,March%202019.pdf|February%202019.pdf|April%202019_0.pdf,8.411,8.339,7.505,8.411999999999999,0.0735051018637627,8.212666666666667,0.3581411267456837,8.141777777777778,0.3624533686482238,8.046583333333333,0.4513084932289735,2
March,,2019,9.465,million tonnes,9.213,12.272,,,0.592,0.705,,,March%202019.pdf|April%202019_0.pdf,8.486,8.411,8.339,8.787333333333331,0.5880734081161433,8.420166666666667,0.6247035830429243,8.293444444444445,0.569333626073305,8.177333333333333,0.6048708852960174,3
April,,2019,7.5,Million Tonnes,8.662,10.721,,,0.398,0.586,,,April%202019_0.pdf|March%202020_0.pdf|May%202020.pdf|April%202019_0_0.pdf|April%202020.pdf,9.465,8.486,8.411,8.483666666666664,0.9825020780300344,8.284333333333334,0.7316030800008073,8.286777777777779,0.5792602562272371,8.215083333333334,0.5383968557137234,4
May,,2019,8.78,million tonnes,9.235,10.848,,,0.318,0.535,,,May%202019_0.pdf|March%202020_0.pdf|May%202020.pdf|June%202019.pdf,7.5,9.465,8.486,8.581666666666665,0.9974007887170212,8.496833333333333,0.6393125735246162,8.335666666666667,0.6024184592125308,8.251750000000001,0.5621368524737462,5
June,,2019,8.772,Million Tonnes,9.3,11.572,,,0.299,0.604,,,March%202020_0.pdf|May%202020.pdf|June%202019.pdf,8.78,7.5,9.465,8.350666666666664,0.7367098026586419,8.568999999999999,0.6423643825742531,8.397,0.6170915653288411,8.30775,0.5788685083851074,6
July,,2019,8.368,Million Tonnes,9.239,8.015,,,0.461,0.772,,,March%202020_0.pdf|May%202020.pdf|July%202019.pdf,8.772,8.78,7.5,8.639999999999999,0.2355928691620415,8.561833333333334,0.6447152601471969,8.402888888888889,0.616463795458509,8.375083333333334,0.5288126422524895,7
August,,2019,8.81,MT,8.88,8.377,,,0.983,0.856,,,March%202020_0.pdf|September%202019.pdf|May%202020.pdf,8.368,8.772,8.78,8.649999999999999,0.2449571391080552,8.615833333333333,0.6506348950576415,8.547888888888888,0.5256580267732145,8.41425,0.5431879174248653,8
September,,2019,8.346,MT,8.417,8.158,,,1.019,0.565,,,March%202020_0.pdf|September%202019.pdf|May%202020.pdf|October%202019.pdf,8.81,8.368,8.772,8.508000000000001,0.2617708921939233,8.429333333333334,0.5019285473717024,8.548666666666668,0.5253153814614592,8.42475,0.5403017885656786,9
October,,2019,8.394,Million Tonnes,8.967,8.186,,,0.95,0.63,,,November%202019.pdf|March%202020_0.pdf|May%202020.pdf|October%202019.pdf,8.346,8.81,8.368,8.516666666666666,0.2551653058966598,8.578333333333333,0.2298013635004541,8.546777777777777,0.5259025046949699,8.431333333333333,0.5393233695749661,10
November,,2019,7.411,million tonnes,8.923,7.801,,,0.867,0.429,,,November%202019.pdf|March%202020_0.pdf|May%202020.pdf|December%202019.pdf,8.394,8.346,8.81,8.050333333333333,0.5541988211222878,8.350166666666667,0.5047139453855691,8.427333333333333,0.6490841624935857,8.4235,0.5544708370066975,11
December,,2019,8.33,Million Tonnes,9.014,8.256,,,0.767,0.437,,,March%202020_0.pdf|May%202020.pdf|January%202020.pdf|December%202019.pdf,7.411,8.394,8.346,8.045,0.5499918181209609,8.2765,0.4612122071237925,8.301222222222222,0.5196233678775859,8.42275,0.5546015973815623,12
January,,2020,8.788,million tonnes,9.328,8.576,,,0.693,0.477,,,March%202020_0.pdf|February%202020.pdf|May%202020.pdf|January%202020.pdf,8.33,7.411,8.394,8.176333333333332,0.7012434194581323,8.3465,0.5074334439116135,8.444333333333333,0.4431049537073576,8.454166666666667,0.5644657704950802,1
February,,2020,8.185,Million Tonnes,9.294,8.565,,,0.57,0.401,,,March%202020_0.pdf|February%202020.pdf|May%202020.pdf,8.788,8.33,7.411,8.434333333333333,0.3147480473860551,8.242333333333333,0.4546623655710536,8.378222222222222,0.4309845640442873,8.429083333333333,0.5695871644259434,2
March,,2020,7.325,Million Tonnes,7.386,6.745,,,0.453,0.293,,,March%202020_0.pdf|May%202020.pdf|April%202020.pdf,8.185,8.788,8.33,8.099333333333332,0.7352525643160528,8.072166666666666,0.5814813553904075,8.217444444444444,0.5253037481093952,8.25075,0.5504517359736132,3
April,,2020,0.699,MT,2.752,1.346,,,0.429,0.407,,,May%202020.pdf|June%202020_0.pdf|April%202020.pdf,7.325,8.185,8.788,5.402999999999999,4.096414529805299,6.789666666666668,3.035845033374836,7.365333333333333,2.553846412766439,7.684,2.255171914430554,4
May,,2020,3.036,million tonnes,5.32,3.622,,,1.284,0.539,,,May%202020.pdf|June%202020_0.pdf,0.699,7.325,8.185,3.6866666666666656,3.360579463921853,6.0605,3.364390866115289,6.723777777777777,2.85326075647573,7.205333333333333,2.5866269834506803,5
June,,2020,5.1,MT,5.8,5.1,,,1.55,0.26,,,June%202020_0.pdf,3.036,0.699,7.325,2.944999999999999,2.201910761134508,5.522166666666667,3.182098139069041,6.363111111111111,2.8276116443230186,6.899333333333334,2.601597108537664,6
November,,2021,8.47,MT,9.63,9.19,,,7.22,3.12,,,monthly%20summary%20for%20the%20month%20of%20November%202021.pdf,5.1,3.036,0.699,5.535333333333331,2.7430321422348127,5.469166666666666,3.118844107464599,6.371555555555555,2.834539870557088,6.9078333333333335,2.60699282815673,11
December,,2021,8.73,MT,9.89,9.39,,,7.98,3.95,,,approved%20monthly%20summary%20Dec%2021.pdf,8.47,5.1,3.036,7.433333333333333,2.0249032898717223,5.56,3.220053477816787,6.518111111111112,2.927572349423857,6.901166666666668,2.6017834384525704,12
January,,2022,9.65,MT,10.33,9.81,,,8.14,4.5,,,Final%20Monthly%20Summary%20for%20January%202022_0.pdf,8.73,8.47,5.1,8.949999999999998,0.6200000000000008,5.947500000000001,3.593206353662421,6.664777777777777,3.059771755285753,7.009833333333334,2.6932388015963715,1
February,,2022,9.2,MT,10.11,9.71,,,1.157,0.411,,,monthly%20summary%20for%20Feb%2C%2022_0.pdf,9.65,8.73,8.47,9.193333333333332,0.4600362304572722,7.364333333333334,2.6662019178349308,6.710555555555556,3.0983472251795456,7.076999999999999,2.7405318660966023,2
March,,2022,9.85,MT,11.05,10.74,,,11.95,3.51,,,Monthly%20Summary%20for%20the%20Month%20of%20March%202022.pdf,9.2,9.65,8.73,9.566666666666665,0.3329164059239812,8.5,1.7463562065054203,6.895555555555556,3.243688953610964,7.28025,2.855583211407564,3
April,,2022,9.05,MT,9.85,9.35,,,7.43,3.27,,,final%20summary%20for%20April%202022.pdf|Monthly%20Economic%20Report%20April%2C%202025.pdf,9.85,9.2,9.65,9.366666666666664,0.4252450274057755,9.158333333333331,0.5274245601663561,7.087222222222223,3.3222493802308786,7.34025,2.8870360744983,4
May,,2022,9.45,million tonnes,10.6,9.73,,,0.749,0.379,,,Monthly%20Summary%20for%20May%202022.pdf,9.05,9.85,9.2,9.45,0.4000000000000075,9.321666666666667,0.4103859971620324,8.059555555555555,2.3601688028142784,7.395416666666667,2.92331217685237,5
June,,2022,9.26,MT,10.46,9.71,,,6.38,4.5,,,Final%20monthly%20summary%20for%20June%2C%2022.pdf,9.45,9.05,9.85,9.253333333333332,0.2000833159794642,9.41,0.2996664812754503,8.75111111111111,1.4345682664520056,7.484999999999999,2.965869824888109,6
July,,2022,9.17,MT,9.97,9.66,,,3.8,4.44,,,Monthly%20summary%20for%20July%202022.pdf,9.26,9.45,9.05,9.293333333333331,0.1429452109492956,9.33,0.2865658737533295,9.203333333333331,0.4283981792678363,7.638749999999999,3.0043934231237253,7
August,,2022,9.31,MT,10.26,9.74,,,4.54,4.42,,,Monthly%20Summary%20for%20the%20month%20of%20August%202022.pdf,9.17,9.26,9.45,9.246666666666664,0.0709459888460108,9.348333333333334,0.2800297603232127,9.296666666666669,0.3285194058194985,8.356333333333334,2.083354259288843,8
September,,2022,9.31,MT,10.22,9.51,,,5.77,4.99,,,Monthly%20summary%20for%20September%202022_0.pdf,9.31,9.17,9.26,9.263333333333334,0.0808290376865794,9.258333333333333,0.1365894090574944,9.36111111111111,0.2512690014926367,8.879166666666666,1.2456211180358796,9
November,,2022,9.66,MT,10.34,9.55,,,3.38,6.0,,,Monthly%20summary%20for%20November%202022.pdf,9.31,9.31,9.17,9.426666666666666,0.2020725942163854,9.36,0.1727425830535411,9.362222222222222,0.2527240480137179,9.259166666666667,0.3887148600506803,11
December,,2022,10.19,MT,10.5,9.78,,,4.42,6.53,,,Monthly%20summary%20for%20December%202022.pdf,9.66,9.31,9.31,9.72,0.4430575583375244,9.483333333333333,0.3843782858938273,9.47222222222222,0.3641695270673237,9.4025,0.3883795004420439,12
January,,2023,10.5,MT,10.68,10.04,,,5.88,5.96,,,Monthly%20summary%20for%20January%202023.pdf,10.19,9.66,9.31,10.116666666666664,0.424774449953556,9.69,0.5415163894103403,9.544444444444444,0.4908694101059572,9.55,0.4421435390129341,1
February,,2023,10.1,MT,9.9,9.87,,,5.75,5.93,,,Monthly%20summary%20for%20February%202023.pdf,10.5,10.19,9.66,10.263333333333332,0.2098412098071959,9.845,0.4939129477954715,9.661111111111111,0.4833850547039099,9.5875,0.4696250922519999,2
March,,2023,10.99,MT,11.34,10.81,,,8.12,4.29,,,Monthly%20Summary%20for%20April-2024.pdf|Monthly%20summary%20for%20March%202023.pdf,10.1,10.5,10.19,10.53,0.445757781760472,10.125,0.5956760864765469,9.83222222222222,0.6448987862017049,9.736666666666666,0.6012008185643082,3
April,,2023,9.88,million tonnes,10.51,9.98,,,0.855,0.46,,,Monthly%20Summary%20for%20April-2023.pdf|Monthly%20Summary%20for%20November-2023.pdf|Monthly%20Economic%20Report%20for%20the%20month%20of%20April%2C%202026.pdf|Monthly%20Summary%20for%20April-2024.pdf|Monthly%20Economic%20Report%20April%2C%202025.pdf,10.99,10.1,10.5,10.323333333333332,0.5877357682950288,10.22,0.4723981371682316,9.901111111111112,0.6082031824243422,9.739166666666668,0.6017770401573792,4
May,,2023,10.36,MT,11.25,10.88,,,6.93,4.57,,,Monthly%20Summary%20for%20the%20month%20of%20June-2024.pdf|Monthly%20Summary%20for%20November-2023.pdf|Monthly%20Summary%20for%20June%202023.pdf|Monthly%20Summary%20for%20May%202023.pdf|Monthly%20Summary%20for%20April-2024.pdf,9.88,10.99,10.1,10.409999999999998,0.5566866263886848,10.336666666666666,0.3847423380220631,10.033333333333337,0.5565518843737611,9.848333333333334,0.5839494581699158,5
July,,2023,10.26,MT,11.52,10.53,,,5.13,5.87,,,Monthly%20Summary%20for%20July%202023.pdf|Monthly%20Summary%20for%20November-2023.pdf|Monthly%20Summary%20for%20April-2024.pdf|Monthly%20Summary%20for%20the%20month%20of%20July-2024.pdf,10.36,9.88,10.99,10.166666666666664,0.2532455988429921,10.348333333333334,0.3804427245548055,10.13888888888889,0.4880943670143037,9.915833333333332,0.5805241884136274,7
August,,2023,11.22,million tonnes,11.44,10.94,,,4.8,5.3,,,Monthly%20Summary%20for%20November-2023.pdf|Monthly%20Summary%20for%20April-2024.pdf|Monthly%20Summary%20for%20August-2023.pdf,10.26,10.36,9.88,10.613333333333332,0.5277625728804117,10.468333333333334,0.5242295934671045,10.351111111111113,0.4977811879843297,10.079166666666667,0.6507123136620975,8
September,,2023,11.17,MT,11.48,10.93,,,0.157,0.381,,,Monthly%20Summary%20for%20September-2023.pdf|Monthly%20Summary%20for%20November-2023.pdf|Monthly%20Summary%20for%20April-2024.pdf,11.22,10.26,10.36,10.883333333333333,0.5404010856145227,10.646666666666668,0.5549654643909729,10.518888888888888,0.4901388692106433,10.245833333333334,0.6528045556510383,9
October,,2023,11.6,million tonnes,11.69,11.01,,,0.286,0.571,,,Monthly%20Summary%20for%20October-2023.pdf|Monthly%20Summary%20for%20November-2023.pdf|Monthly%20Summary%20for%20April-2024.pdf,11.17,11.22,10.26,11.329999999999998,0.2351595203261544,10.748333333333331,0.6736294728310879,10.675555555555556,0.5875395967743385,10.436666666666667,0.6881243721269502,10
November,,2023,11.42,MT,11.76,11.02,,,2.34,7.82,,,Monthly%20Summary%20for%20November-2023.pdf|Monthly%20Summary%20for%20April-2024.pdf,11.6,11.17,11.22,11.396666666666668,0.2159475244900057,11.005,0.5604908563036745,10.77777777777778,0.6315611169510181,10.6125,0.6421006010105708,11
December,,2023,12.1,MT,11.97,11.58,,,6.4,7.3,,,Monthly%20Summary%20for%20the%20Month%20of%20January-2024.pdf|Monthly%20Summary%20for%20April-2024.pdf|Monthly%20Summary%20for%20December-2023.pdf,11.42,11.6,11.17,11.706666666666663,0.3523256069793496,11.295000000000002,0.6081364978358303,11.0,0.7102288363618937,10.815833333333332,0.6970386494218443,12
January,,2024,12.0,million tonnes,12.2,11.7,,,0.85,0.77,,,Monthly%20Summary%20for%20the%20Month%20of%20January-2024.pdf|Monthly%20Summary%20for%20April-2024.pdf|Monthly%20Economic%20report-February%202025_0.pdf|Monthly%20Summary%20for%20the%20month%20of%20February-2024.pdf,12.1,11.42,11.6,11.839999999999998,0.3671511950137657,11.585,0.3925175155327866,11.112222222222222,0.784375193669721,10.966666666666669,0.743582646055634,1
February,,2024,11.33,million tonnes,12.05,11.48,,,10.3,7.6,,,Monthly%20Summary%20for%20March-2024.pdf|Monthly%20economic%20report%20March%2025.pdf|Monthly%20Summary%20for%20April-2024.pdf|Monthly%20Economic%20report-February%202025_0.pdf|Monthly%20Summary%20for%20the%20month%20of%20February-2024.pdf,12.0,12.1,11.42,11.809999999999995,0.4186884283092092,11.603333333333332,0.3742013718129562,11.273333333333332,0.6341726894150879,11.035833333333334,0.7347783627898875,2
March,,2024,12.14,million tonnes,12.45,12.17,,,0.84,0.58,,0.571,Monthly%20Summary%20for%20March-2024.pdf|Monthly%20economic%20report%20March%2025.pdf|Monthly%20Summary%20for%20April-2024.pdf,11.33,12.0,12.1,11.823333333333332,0.4329357150124828,11.765,0.3587617593891992,11.47111111111111,0.5897339324738515,11.205833333333333,0.7345680033292309,3
April,,2024,11.08,MT,11.92,11.26,,,5.1,5.9,,,Monthly%20Summary%20for%20the%20month%20of%20June-2024.pdf|Monthly%20Economic%20Report%20May%202025.pdf|Monthly%20Economic%20Report%20for%20the%20month%20of%20April%2C%202026.pdf|Monthly%20Summary%20for%20April-2024.pdf|Monthly%20Economic%20Report%20April%2C%202025.pdf|Monthly%20Summary%20for%20May-2024.pdf,12.14,11.33,12.0,11.516666666666666,0.554105886391189,11.678333333333336,0.4561761355734202,11.562222222222225,0.4173960283045406,11.213333333333331,0.7326208660236716,4
May,,2024,11.97,million tonnes,12.53,12.13,,,4.3,5.5,,,Monthly%20Economic%20Report-June%202025.pdf|Monthly%20Summary%20for%20the%20month%20of%20June-2024.pdf|Monthly%20Summary%20for%20May-2024.pdf,11.08,12.14,11.33,11.73,0.5692978130996423,11.77,0.4490879646572971,11.645555555555555,0.4153947252647014,11.3875,0.6277539326837686,5
June,,2024,12.01,million tonnes,12.26,12.06,,,0.34,0.55,,0.636,Monthly%20Economic%20Report-June%202025.pdf|Monthly%20Summary%20for%20the%20month%20of%20June-2024.pdf|Monthly%20Summary%20for%20the%20month%20of%20July-2024.pdf,11.97,11.08,12.14,11.686666666666667,0.5257692776621395,11.755,0.4372070447740219,11.738888888888887,0.3886979690081599,11.525,0.5591958512005735,6
July,,2024,12.3,million tonnes,12.34,11.78,,,2.9,7.5,,,Updated%20Monthly%20Economic%20Report-August%2025.pdf|Monthly%20Summary%20for%20the%20month%20of%20July-2024.pdf,12.01,11.97,11.08,12.093333333333334,0.1800925687899847,11.805,0.4853349358948254,11.816666666666668,0.4257052971246142,11.695,0.4362338822236644,7
April,,2025,11.867,million tonnes,12.644,11.928,,,0.375,0.463,,,Monthly%20Economic%20Report-June%202025.pdf|Monthly%20Economic%20Report%20May%202025.pdf|Monthly%20Economic%20Report%20for%20the%20month%20of%20April%2C%202026.pdf|Monthly%20Economic%20Report%20April%2C%202025.pdf,12.3,12.01,11.97,12.059,0.2206195820865444,11.8945,0.4261238082999296,11.866333333333335,0.3988715332033051,11.748916666666666,0.4114690882751574,4
April,,2026,12.99,million tonnes,14.09,13.05,,,0.47,0.68,,,Monthly%20Economic%20Report%20for%20the%20month%20of%20April%2C%202026.pdf|Monthly%20Economic%20Report%20for%20the%20month%20of%20May%2C%202026.pdf,11.867,12.3,12.01,12.385666666666664,0.5663800255423732,12.036166666666666,0.6208608271317358,11.965222222222222,0.546900762885186,11.900583333333332,0.5037572392140197,4
